Año,Trimestre,Provincia,0-10 Mbps,+10-25 Mbps,+25-50 Mbps,+50-100 Mbps,+100-250 Mbps,+250-500 Mbps,+500-1000 Mbps,+1000-5000 Mbps,+5000 Mbps,Otras_Velocidades,Mbps (Media de bajada),Accesos por cada 100 hab,Accesos por cada 100 hogares,ADSL,Cablemodem,Fibra óptica,Wireless,Otras_Tecnologias,Total_Tecnologias
2024,1,Buenos Aires,502922.0,284608.0,1296268.0,959048.0,495509.0,1210949.0,170106.0,0.0,0.0,125147.0,159.13,27.8,81.1,203297.0,2790663.0,1799013.0,150290.0,101294.0,5044557.0
2024,1,Capital Federal,87102.0,37803.0,125198.0,394021.0,151870.0,639913.0,68804.0,0.0,0.0,0.0,229.94,48.78,119.53,70108.0,1177475.0,203756.0,4493.0,48879.0,1504711.0
2024,1,Catamarca,6543.0,5165.0,36072.0,17716.0,42.0,8471.0,854.0,0.0,0.0,70.0,91.45,17.5,68.82,5901.0,11025.0,56542.0,1384.0,81.0,74933.0
2024,1,Chaco,23852.0,8968.0,35430.0,55941.0,1925.0,24782.0,829.0,0.0,0.0,3816.0,107.51,12.48,46.7,11343.0,58929.0,64463.0,8404.0,12404.0,155543.0
2024,1,Chubut,76907.0,36631.0,39046.0,1257.0,1.0,161.0,33.0,0.0,0.0,16640.0,20.5,26.02,84.89,26306.0,77217.0,26356.0,30867.0,9930.0,170676.0
2024,1,Córdoba,206324.0,70133.0,250987.0,302237.0,12440.0,217107.0,8260.0,0.0,1.0,14710.0,114.89,27.77,90.7,102812.0,449784.0,458985.0,61121.0,9497.0,1082199.0
2024,1,Corrientes,37924.0,9101.0,35132.0,37081.0,4507.0,27640.0,267.0,0.0,0.0,6242.0,102.49,13.68,51.94,18390.0,85595.0,38268.0,10409.0,5232.0,157894.0
2024,1,Entre Ríos,90418.0,16985.0,46588.0,69813.0,2978.0,55087.0,708.0,0.0,0.0,13975.0,101.36,20.72,69.31,36574.0,158283.0,66180.0,23950.0,11565.0,296552.0
2024,1,Formosa,33300.0,4185.0,1645.0,11492.0,0.0,11685.0,109.0,0.0,0.0,302.0,83.8,10.08,39.61,9147.0,18631.0,17908.0,16851.0,181.0,62718.0
2024,1,Jujuy,27573.0,28556.0,45375.0,9396.0,3.0,4662.0,518.0,0.0,0.0,1970.0,47.52,14.74,57.65,10554.0,51093.0,51084.0,4106.0,1216.0,118053.0
2024,1,La Pampa,63852.0,16764.0,30171.0,7900.0,1298.0,603.0,8.0,0.0,0.0,1599.0,26.55,33.11,100.49,6844.0,59008.0,35556.0,19681.0,1106.0,122195.0
2024,1,La Rioja,3327.0,24979.0,41437.0,11474.0,137.0,6405.0,23.0,0.0,0.0,0.0,63.71,21.3,80.03,2827.0,55443.0,23086.0,6396.0,30.0,87782.0
2024,1,Mendoza,59842.0,30830.0,164518.0,28347.0,448.0,11626.0,1420.0,0.0,0.0,5566.0,51.85,14.67,52.59,17674.0,70932.0,185460.0,27606.0,925.0,302597.0
2024,1,Misiones,56475.0,9820.0,41281.0,51214.0,6727.0,26532.0,1981.0,0.0,0.0,8526.0,94.98,15.46,56.76,23217.0,77561.0,81498.0,13378.0,6902.0,202556.0
2024,1,Neuquén,49997.0,10750.0,22966.0,30688.0,5.0,29203.0,469.0,0.0,0.0,20168.0,98.16,23.66,79.5,24076.0,73298.0,41577.0,24387.0,908.0,164246.0
2024,1,Río Negro,44288.0,24809.0,33100.0,32969.0,1095.0,18715.0,467.0,0.0,0.0,15576.0,75.0,21.88,71.14,20841.0,49727.0,66889.0,17733.0,15829.0,171019.0
2024,1,Salta,92922.0,3193.0,29347.0,38917.0,557.0,29997.0,1282.0,0.0,0.0,6646.0,84.34,13.63,56.3,23858.0,99150.0,61543.0,11807.0,6503.0,202861.0
2024,1,San Juan,37120.0,12563.0,29086.0,3255.0,0.0,1796.0,91.0,0.0,0.0,22755.0,30.58,13.15,51.62,12669.0,18543.0,44904.0,23594.0,6956.0,106666.0
2024,1,San Luis,35760.0,79674.0,7794.0,1983.0,0.0,769.0,24142.0,0.0,0.0,5968.0,179.49,29.39,102.7,4038.0,41260.0,31539.0,78954.0,299.0,156090.0
2024,1,Santa Cruz,17818.0,8667.0,14444.0,4503.0,689.0,284.0,0.0,0.0,0.0,33803.0,31.6,20.1,67.58,7768.0,14435.0,49545.0,7799.0,661.0,80208.0
2024,1,Santa Fe,236209.0,71117.0,201734.0,216238.0,13551.0,157632.0,5928.0,2.0,9.0,16168.0,100.2,25.28,80.4,86548.0,399817.0,374288.0,44162.0,13773.0,918588.0
2024,1,Santiago Del Estero,66953.0,24299.0,12520.0,10230.0,0.0,9206.0,237.0,0.0,0.0,917.0,44.9,12.26,49.41,6644.0,80722.0,27018.0,7058.0,2920.0,124362.0
2024,1,Tierra Del Fuego,20699.0,27810.0,4724.0,496.0,33.0,671.0,0.0,1.0,0.0,7121.0,21.54,32.54,109.78,9357.0,48005.0,3684.0,177.0,332.0,61555.0
2024,1,Tucumán,37111.0,23861.0,81424.0,75389.0,4.0,44511.0,1807.0,0.0,0.0,488.0,103.36,14.98,60.48,33682.0,20361.0,205959.0,4075.0,518.0,264595.0
2023,4,Buenos Aires,518603.0,292602.0,1284651.0,935171.0,498237.0,1227632.0,161373.0,0.0,0.0,93351.0,158.49,27.68,80.96,223391.0,2797700.0,1784593.0,137993.0,67943.0,5011620.0
2023,4,Capital Federal,79552.0,34359.0,119563.0,383799.0,151811.0,637782.0,67501.0,0.0,0.0,0.0,234.44,47.8,117.02,58700.0,1198835.0,182520.0,4492.0,29820.0,1474367.0
2023,4,Catamarca,7079.0,5384.0,35874.0,16953.0,42.0,8551.0,627.0,0.0,0.0,77.0,89.4,17.46,68.63,6669.0,11016.0,55437.0,1384.0,81.0,74587.0
2023,4,Chaco,25885.0,9682.0,34803.0,44796.0,2001.0,25558.0,621.0,0.0,0.0,4040.0,107.14,11.85,44.35,14000.0,60277.0,62301.0,8404.0,2404.0,147386.0
2023,4,Chubut,76877.0,36450.0,38931.0,1190.0,1.0,118.0,14.0,0.0,0.0,16589.0,20.29,26.04,84.96,26306.0,77217.0,26174.0,30543.0,9930.0,170170.0
2023,4,Córdoba,216740.0,72804.0,237059.0,305943.0,610.0,222469.0,6616.0,0.0,0.0,17061.0,114.03,27.76,90.67,115662.0,452380.0,440536.0,61862.0,8862.0,1079302.0
2023,4,Corrientes,40889.0,9513.0,34463.0,36195.0,3509.0,28183.0,236.0,0.0,0.0,6484.0,100.9,13.84,52.56,21769.0,86102.0,35968.0,10402.0,5231.0,159472.0
2023,4,Entre Ríos,96042.0,17536.0,43704.0,66726.0,2683.0,56914.0,650.0,0.0,0.0,14382.0,101.18,20.91,69.94,41794.0,159575.0,61667.0,24036.0,11565.0,298637.0
2023,4,Formosa,33683.0,4553.0,1238.0,10295.0,0.0,11784.0,99.0,0.0,0.0,350.0,83.35,9.98,39.23,10252.0,18325.0,16179.0,17061.0,185.0,62002.0
2023,4,Jujuy,28484.0,28749.0,45146.0,8683.0,3.0,4553.0,422.0,0.0,0.0,1980.0,46.2,14.77,57.78,11669.0,51083.0,49947.0,4105.0,1216.0,118020.0
2023,4,La Pampa,65395.0,16099.0,29155.0,7321.0,1161.0,580.0,5.0,0.0,0.0,1610.0,25.61,32.93,99.96,6844.0,59063.0,34331.0,19982.0,1106.0,121326.0
2023,4,La Rioja,3722.0,25047.0,40829.0,11266.0,137.0,6712.0,8.0,0.0,0.0,0.0,64.18,21.35,80.22,3296.0,55441.0,22559.0,6395.0,30.0,87721.0
2023,4,Mendoza,59927.0,30832.0,163950.0,28011.0,233.0,9797.0,1102.0,0.0,0.0,5499.0,49.46,14.55,52.15,17676.0,70920.0,182220.0,27609.0,926.0,299351.0
2023,4,Misiones,57108.0,11346.0,39271.0,49247.0,5690.0,27158.0,1588.0,0.0,0.0,8925.0,93.65,15.33,56.27,25840.0,79000.0,75382.0,12928.0,7183.0,200333.0
2023,4,Neuquén,50050.0,10694.0,22683.0,30640.0,5.0,29928.0,451.0,0.0,0.0,20176.0,99.63,23.78,79.91,24122.0,73784.0,41583.0,24390.0,748.0,164627.0
2023,4,Río Negro,44982.0,32022.0,22395.0,32952.0,1096.0,18945.0,439.0,0.0,0.0,15586.0,74.37,21.61,70.26,21192.0,49789.0,64323.0,17284.0,15829.0,168417.0
2023,4,Salta,95275.0,3747.0,29145.0,37844.0,456.0,30531.0,1049.0,0.0,0.0,6685.0,83.04,13.8,56.98,26765.0,98853.0,60800.0,11806.0,6508.0,204732.0
2023,4,San Juan,36084.0,13455.0,29053.0,1343.0,0.0,544.0,82.0,0.0,0.0,22649.0,24.78,12.75,50.08,12669.0,18543.0,42691.0,22351.0,6956.0,103210.0
2023,4,San Luis,35759.0,84725.0,7206.0,1500.0,0.0,590.0,23988.0,0.0,0.0,917.0,174.59,29.21,102.07,4037.0,41260.0,30135.0,78954.0,299.0,154685.0
2023,4,Santa Cruz,19097.0,13043.0,12533.0,7088.0,1602.0,234.0,0.0,0.0,0.0,33434.0,36.77,21.94,73.75,7768.0,15669.0,55246.0,7687.0,661.0,87031.0
2023,4,Santa Fe,253675.0,68578.0,186078.0,206402.0,12792.0,160635.0,4915.0,0.0,0.0,16426.0,99.81,25.08,79.75,97004.0,398670.0,355762.0,44521.0,13544.0,909501.0
2023,4,Santiago Del Estero,68351.0,24531.0,10542.0,9198.0,0.0,9540.0,138.0,0.0,0.0,930.0,44.22,12.18,49.08,8290.0,80692.0,24271.0,7057.0,2920.0,123230.0
2023,4,Tierra Del Fuego,23757.0,25392.0,3475.0,441.0,29.0,625.0,0.0,1.0,0.0,7879.0,17.92,32.75,110.49,9357.0,48071.0,3682.0,157.0,332.0,61599.0
2023,4,Tucumán,42795.0,25074.0,78441.0,72633.0,4.0,45542.0,1284.0,0.0,0.0,562.0,101.55,15.12,61.04,41318.0,20267.0,199876.0,4357.0,517.0,266335.0
2023,3,Buenos Aires,535580.0,294798.0,1264911.0,911876.0,511235.0,1237732.0,89343.0,0.0,0.0,122762.0,146.84,27.5,80.64,237705.0,2784175.0,1740239.0,137921.0,68197.0,4968237.0
2023,3,Capital Federal,84194.0,34653.0,119366.0,382489.0,155659.0,655079.0,36544.0,0.0,0.0,0.0,218.13,47.6,116.4,60765.0,1205339.0,167428.0,4629.0,29823.0,1467984.0
2023,3,Catamarca,7382.0,5891.0,35350.0,16632.0,42.0,8444.0,522.0,0.0,0.0,92.0,87.9,17.44,68.55,7164.0,11066.0,54650.0,1384.0,91.0,74355.0
2023,3,Chaco,27648.0,7666.0,32337.0,42558.0,2001.0,25423.0,424.0,0.0,0.0,4089.0,107.5,11.46,42.87,16420.0,60058.0,54993.0,8267.0,2408.0,142146.0
2023,3,Chubut,76923.0,37413.0,36090.0,1014.0,1.0,49.0,0.0,0.0,0.0,16578.0,19.26,25.82,84.23,26352.0,75460.0,25827.0,30521.0,9908.0,168068.0
2023,3,Córdoba,231467.0,72909.0,228188.0,296011.0,566.0,218724.0,4535.0,0.0,0.0,16934.0,111.5,27.57,90.05,125050.0,453994.0,417338.0,62514.0,10438.0,1069334.0
2023,3,Corrientes,44768.0,6771.0,33595.0,35317.0,3509.0,27711.0,182.0,0.0,0.0,7976.0,99.64,13.9,52.78,24253.0,83897.0,36032.0,10407.0,5240.0,159829.0
2023,3,Entre Ríos,93558.0,21075.0,59003.0,60268.0,2719.0,56257.0,413.0,0.0,0.0,0.0,96.26,20.58,68.84,45384.0,157464.0,54794.0,24481.0,11170.0,293293.0
2023,3,Formosa,33909.0,5053.0,1059.0,9576.0,0.0,11298.0,60.0,0.0,0.0,359.0,80.29,9.89,38.86,11230.0,18053.0,14904.0,16899.0,228.0,61314.0
2023,3,Jujuy,29162.0,28964.0,44606.0,7991.0,3.0,4295.0,328.0,0.0,0.0,2028.0,44.55,14.73,57.61,12627.0,51082.0,48350.0,4067.0,1251.0,117377.0
2023,3,La Pampa,67581.0,14740.0,27969.0,6463.0,1038.0,515.0,2.0,0.0,0.0,1613.0,24.21,32.62,99.0,6844.0,59063.0,32891.0,20014.0,1109.0,119921.0
2023,3,La Rioja,4083.0,25144.0,40714.0,10909.0,137.0,6708.0,6.0,0.0,0.0,0.0,63.84,21.41,80.44,3726.0,55494.0,22054.0,6395.0,32.0,87701.0
2023,3,Mendoza,60230.0,31487.0,164939.0,26785.0,119.0,8169.0,769.0,0.0,0.0,5524.0,46.96,14.52,52.03,17677.0,73066.0,178719.0,27609.0,951.0,298022.0
2023,3,Misiones,58621.0,11908.0,37987.0,46646.0,4759.0,27082.0,1240.0,0.0,0.0,8892.0,91.49,15.12,55.51,27934.0,79087.0,70003.0,12928.0,7183.0,197135.0
2023,3,Neuquén,52846.0,11641.0,24787.0,31224.0,5.0,30213.0,298.0,0.0,0.0,13259.0,96.57,23.8,79.97,24527.0,73329.0,39243.0,24085.0,3089.0,164273.0
2023,3,Río Negro,45388.0,33001.0,22161.0,28872.0,757.0,18026.0,323.0,0.0,0.0,14957.0,70.93,21.04,68.4,22422.0,50429.0,56668.0,16864.0,17102.0,163485.0
2023,3,Salta,97670.0,4071.0,29121.0,37144.0,456.0,30218.0,754.0,0.0,0.0,6799.0,80.8,13.94,57.57,29113.0,98324.0,59914.0,12337.0,6545.0,206233.0
2023,3,San Juan,36017.0,13627.0,29779.0,1143.0,0.0,470.0,66.0,0.0,0.0,22628.0,24.45,12.85,50.45,12669.0,19376.0,42383.0,22317.0,6985.0,103730.0
2023,3,San Luis,35904.0,85705.0,5067.0,1244.0,0.0,494.0,12018.0,0.0,0.0,8484.0,104.97,28.2,98.55,4037.0,41624.0,24525.0,78431.0,299.0,148916.0
2023,3,Santa Cruz,28237.0,11058.0,8104.0,588.0,0.0,0.0,0.0,0.0,0.0,0.0,15.67,12.17,40.89,8376.0,23931.0,11270.0,3660.0,750.0,47987.0
2023,3,Santa Fe,262250.0,73453.0,172485.0,201851.0,12654.0,156479.0,3374.0,0.0,0.0,17806.0,97.39,24.87,79.09,108503.0,397854.0,336013.0,44545.0,13437.0,900352.0
2023,3,Santiago Del Estero,70982.0,28473.0,3791.0,8351.0,0.0,9324.0,57.0,0.0,0.0,950.0,41.46,12.08,48.67,9412.0,80919.0,21745.0,6916.0,2936.0,121928.0
2023,3,Tierra Del Fuego,24137.0,25297.0,3322.0,354.0,29.0,571.0,0.0,1.0,0.0,5020.0,17.17,31.41,105.95,9357.0,45203.0,3682.0,157.0,332.0,58731.0
2023,3,Tucumán,46679.0,26145.0,77144.0,70316.0,4.0,44678.0,920.0,0.0,0.0,671.0,98.85,15.17,61.26,46348.0,20545.0,195053.0,4088.0,523.0,266557.0
2023,2,Buenos Aires,502922.0,284608.0,1296268.0,959048.0,495481.0,1210949.0,170080.0,0.0,0.0,125147.0,138.35,27.1,79.67,265537.0,2766463.0,1645945.0,138405.0,69138.0,4885488.0
2023,2,Capital Federal,87102.0,37803.0,125198.0,394021.0,151870.0,639913.0,68779.0,0.0,0.0,0.0,208.01,47.27,115.48,68348.0,1218631.0,136295.0,4504.0,29900.0,1457678.0
2023,2,Catamarca,6543.0,5165.0,36072.0,17716.0,42.0,8471.0,854.0,0.0,0.0,70.0,86.13,17.15,67.42,7637.0,10700.0,53177.0,1384.0,92.0,72990.0
2023,2,Chaco,23852.0,8968.0,35430.0,55941.0,1925.0,24782.0,829.0,0.0,0.0,3816.0,105.45,11.46,42.87,19115.0,59944.0,51955.0,8267.0,2574.0,141855.0
2023,2,Chubut,76907.0,36631.0,39046.0,1257.0,1.0,161.0,31.0,0.0,0.0,16640.0,18.58,25.28,82.49,33702.0,73689.0,16111.0,30521.0,9938.0,163961.0
2023,2,Córdoba,206324.0,70115.0,250987.0,302237.0,12439.0,217107.0,8260.0,0.0,1.0,14710.0,111.82,27.59,90.13,129303.0,453924.0,411703.0,62391.0,10430.0,1067751.0
2023,2,Corrientes,37924.0,9101.0,35132.0,37081.0,4507.0,27640.0,267.0,0.0,0.0,6242.0,97.21,13.79,52.37,26821.0,82977.0,32834.0,10407.0,5255.0,158294.0
2023,2,Entre Ríos,90418.0,16985.0,46588.0,69813.0,2978.0,55087.0,708.0,0.0,0.0,13975.0,89.37,19.26,64.43,46503.0,142562.0,49251.0,24461.0,11170.0,273947.0
2023,2,Formosa,33300.0,4185.0,1645.0,11492.0,0.0,11685.0,109.0,0.0,0.0,302.0,77.32,9.75,38.32,11934.0,17678.0,13698.0,16813.0,227.0,60350.0
2023,2,Jujuy,27573.0,28556.0,45375.0,9396.0,3.0,4662.0,518.0,0.0,0.0,1970.0,43.56,14.78,57.78,13749.0,51082.0,47289.0,4067.0,1255.0,117442.0
2023,2,La Pampa,63852.0,16764.0,30171.0,7900.0,1298.0,603.0,8.0,0.0,0.0,1599.0,22.78,32.4,98.35,7254.0,59101.0,31449.0,19993.0,1113.0,118910.0
2023,2,La Rioja,3327.0,24979.0,41437.0,11474.0,137.0,6405.0,23.0,0.0,0.0,0.0,63.55,21.3,80.01,4152.0,55148.0,21245.0,6395.0,32.0,86972.0
2023,2,Mendoza,59842.0,30830.0,164518.0,28347.0,448.0,11626.0,1420.0,0.0,0.0,5566.0,42.69,14.54,52.09,25299.0,71931.0,171857.0,27609.0,980.0,297676.0
2023,2,Misiones,56475.0,9820.0,41281.0,51214.0,6727.0,26532.0,1981.0,0.0,0.0,8526.0,90.55,15.03,55.18,28897.0,82058.0,64406.0,12927.0,7183.0,195471.0
2023,2,Neuquén,49997.0,10750.0,22966.0,30688.0,5.0,29203.0,469.0,0.0,0.0,20168.0,93.97,23.5,78.97,26379.0,73040.0,35171.0,24046.0,3110.0,161746.0
2023,2,Río Negro,44288.0,24809.0,33100.0,32969.0,1095.0,18715.0,467.0,0.0,0.0,15576.0,70.76,21.09,68.56,26390.0,49684.0,53325.0,16864.0,17116.0,163379.0
2023,2,Salta,92922.0,3193.0,29347.0,38917.0,557.0,29997.0,1281.0,0.0,0.0,6646.0,79.1,13.92,57.48,30666.0,97501.0,58275.0,12337.0,6549.0,205328.0
2023,2,San Juan,37120.0,12563.0,29086.0,3255.0,0.0,1796.0,91.0,0.0,0.0,22755.0,20.39,12.1,47.52,21483.0,20200.0,25217.0,23545.0,7004.0,97449.0
2023,2,San Luis,35760.0,79674.0,7794.0,1983.0,0.0,769.0,24140.0,0.0,0.0,5968.0,103.84,26.73,93.41,4937.0,41949.0,15595.0,77960.0,307.0,140748.0
2023,2,Santa Cruz,17818.0,8667.0,14444.0,4503.0,689.0,284.0,0.0,0.0,0.0,33803.0,15.48,12.39,41.66,9019.0,23896.0,11269.0,3660.0,758.0,48602.0
2023,2,Santa Fe,236209.0,71117.0,201734.0,216238.0,13551.0,157632.0,5927.0,2.0,9.0,16168.0,94.87,24.79,78.83,126344.0,399669.0,311166.0,44134.0,14501.0,895814.0
2023,2,Santiago Del Estero,66953.0,24299.0,12520.0,10230.0,0.0,9206.0,237.0,0.0,0.0,917.0,37.62,11.7,47.14,10629.0,80086.0,17244.0,6916.0,2934.0,117809.0
2023,2,Tierra Del Fuego,20699.0,27810.0,4724.0,496.0,33.0,671.0,0.0,1.0,0.0,7121.0,16.92,31.54,106.38,12392.0,45224.0,525.0,157.0,337.0,58635.0
2023,2,Tucumán,37111.0,23861.0,81424.0,75389.0,4.0,44511.0,1807.0,0.0,0.0,488.0,96.69,15.05,60.75,50019.0,20012.0,188986.0,4060.0,525.0,263602.0
2023,1,Buenos Aires,568004.0,287541.0,1251104.0,1493086.0,274337.0,783713.0,67577.0,0.0,0.0,95566.0,116.18,26.81,79.0,304583.0,2761043.0,1551074.0,132458.0,71770.0,4820928.0
2023,1,Capital Federal,93745.0,37177.0,135241.0,534470.0,78032.0,537821.0,25376.0,0.0,0.0,106867.0,188.65,50.23,122.59,132149.0,1223930.0,156222.0,4605.0,31823.0,1548729.0
2023,1,Catamarca,6836.0,5525.0,32860.0,15287.0,42.0,8508.0,123.0,0.0,0.0,2311.0,87.41,16.83,66.17,6980.0,10655.0,50230.0,1384.0,2243.0,71492.0
2023,1,Chaco,31083.0,8497.0,31616.0,39777.0,1955.0,25442.0,125.0,0.0,0.0,3947.0,104.33,11.53,43.15,21243.0,60727.0,49756.0,8142.0,2574.0,142442.0
2023,1,Chubut,78448.0,36183.0,34076.0,736.0,1.0,35.0,0.0,0.0,0.0,20574.0,18.36,26.32,85.89,45448.0,73525.0,9815.0,30521.0,10744.0,170053.0
2023,1,Córdoba,243780.0,76522.0,207519.0,268274.0,124.0,219101.0,1162.0,0.0,0.0,33490.0,109.57,27.2,88.84,136976.0,455139.0,386297.0,61066.0,10494.0,1049972.0
2023,1,Corrientes,49078.0,7626.0,30385.0,32110.0,2571.0,26194.0,72.0,0.0,0.0,8984.0,94.8,13.71,52.05,29577.0,81116.0,30016.0,11071.0,5240.0,157020.0
2023,1,Entre Ríos,97511.0,21428.0,59210.0,47527.0,1598.0,47466.0,138.0,0.0,0.0,0.0,86.71,19.37,64.79,51084.0,141699.0,44508.0,26415.0,11172.0,274878.0
2023,1,Formosa,34214.0,6237.0,1242.0,8405.0,0.0,10162.0,23.0,0.0,0.0,702.0,73.96,9.87,38.79,12502.0,17421.0,13345.0,17490.0,227.0,60985.0
2023,1,Jujuy,31354.0,29394.0,43181.0,7599.0,3.0,4134.0,240.0,0.0,0.0,2076.0,42.75,14.88,58.2,15306.0,51082.0,46271.0,4067.0,1255.0,117981.0
2023,1,La Pampa,63290.0,10566.0,22309.0,3001.0,4.0,376.0,0.0,0.0,0.0,16958.0,20.09,31.81,96.55,7049.0,59944.0,28126.0,20103.0,1282.0,116504.0
2023,1,La Rioja,4882.0,24992.0,40116.0,9429.0,137.0,6847.0,2.0,0.0,0.0,0.0,63.13,21.23,79.74,4652.0,54604.0,20722.0,6395.0,32.0,86405.0
2023,1,Mendoza,56628.0,38159.0,149686.0,22217.0,20.0,4967.0,156.0,0.0,0.0,21186.0,41.45,14.34,51.4,37646.0,73678.0,152534.0,27592.0,1569.0,293019.0
2023,1,Misiones,60078.0,11884.0,34220.0,43672.0,4633.0,27599.0,355.0,0.0,0.0,8244.0,89.81,14.7,53.97,30455.0,82834.0,56619.0,12896.0,7881.0,190685.0
2023,1,Neuquén,53501.0,13251.0,29409.0,31127.0,293.0,30478.0,86.0,0.0,0.0,2267.0,93.42,23.38,78.55,28030.0,72639.0,32296.0,23937.0,3510.0,160412.0
2023,1,Río Negro,45873.0,30516.0,11043.0,28080.0,758.0,18054.0,235.0,0.0,0.0,29772.0,74.4,21.27,69.16,33604.0,49128.0,45329.0,16857.0,19413.0,164331.0
2023,1,Salta,101210.0,4833.0,28919.0,33401.0,456.0,29615.0,214.0,0.0,0.0,6778.0,76.85,13.97,57.67,33427.0,96922.0,56259.0,12269.0,6549.0,205426.0
2023,1,San Juan,43316.0,24421.0,21032.0,783.0,0.0,356.0,19.0,0.0,0.0,11840.0,18.7,12.67,49.75,38568.0,21215.0,12798.0,21912.0,7274.0,101767.0
2023,1,San Luis,36497.0,89432.0,1003.0,216.0,0.0,31.0,4931.0,0.0,0.0,3353.0,55.85,25.8,90.17,6283.0,42789.0,6952.0,78954.0,485.0,135463.0
2023,1,Santa Cruz,29769.0,11400.0,7573.0,575.0,0.0,0.0,0.0,0.0,0.0,1044.0,14.98,12.92,43.42,9702.0,23839.0,12217.0,3660.0,943.0,50361.0
2023,1,Santa Fe,287029.0,83909.0,160717.0,169306.0,13489.0,152985.0,738.0,0.0,0.0,18101.0,92.22,24.57,78.13,138935.0,405618.0,283988.0,43487.0,14246.0,886274.0
2023,1,Santiago Del Estero,80104.0,21294.0,1778.0,6216.0,0.0,8159.0,11.0,0.0,0.0,993.0,36.27,11.8,47.55,11642.0,80407.0,16656.0,6916.0,2934.0,118555.0
2023,1,Tierra Del Fuego,24845.0,25052.0,2039.0,228.0,34.0,339.0,0.0,1.0,0.0,4575.0,14.58,30.9,104.23,12754.0,43146.0,405.0,157.0,651.0,57113.0
2023,1,Tucumán,54284.0,26199.0,62760.0,59931.0,4.0,42504.0,292.0,0.0,0.0,15126.0,95.79,14.95,60.34,55822.0,19482.0,180976.0,4293.0,527.0,261100.0
2022,4,Buenos Aires,593697.0,285052.0,1248607.0,1500382.0,240233.0,786683.0,42377.0,0.0,0.0,97634.0,111.0,26.72,78.94,325908.0,2767247.0,1499149.0,129910.0,72451.0,4794665.0
2022,4,Capital Federal,101585.0,38707.0,135694.0,537271.0,75249.0,539938.0,16710.0,0.0,0.0,106772.0,182.86,50.35,122.73,138753.0,1238196.0,138548.0,4603.0,31826.0,1551926.0
2022,4,Catamarca,8130.0,6867.0,31281.0,14136.0,42.0,8173.0,0.0,0.0,0.0,2280.0,83.33,16.73,65.77,8952.0,10998.0,47337.0,1379.0,2243.0,70909.0
2022,4,Chaco,35145.0,7451.0,29859.0,39098.0,1944.0,26209.0,48.0,0.0,0.0,3909.0,104.02,11.66,43.62,24582.0,61265.0,47285.0,7957.0,2574.0,143663.0
2022,4,Chubut,79187.0,41829.0,27166.0,524.0,1.0,26.0,0.0,0.0,0.0,20026.0,15.92,26.23,85.57,45450.0,73923.0,9815.0,30721.0,8850.0,168759.0
2022,4,Córdoba,261909.0,78425.0,208216.0,257342.0,475.0,225014.0,669.0,0.0,0.0,17610.0,108.77,27.26,89.03,152265.0,456947.0,367393.0,61631.0,11424.0,1049660.0
2022,4,Corrientes,50854.0,7450.0,29197.0,30979.0,2339.0,26568.0,68.0,0.0,0.0,7998.0,94.72,13.6,51.64,34038.0,80283.0,26752.0,9082.0,5298.0,155453.0
2022,4,Entre Ríos,97158.0,21686.0,55775.0,46874.0,1516.0,47846.0,119.0,0.0,0.0,0.0,87.47,19.14,64.01,55507.0,135746.0,40798.0,26414.0,12509.0,270974.0
2022,4,Formosa,35178.0,6732.0,1286.0,7835.0,0.0,10093.0,18.0,0.0,0.0,698.0,72.03,10.03,39.41,13735.0,17068.0,13118.0,17692.0,227.0,61840.0
2022,4,Jujuy,34543.0,36459.0,35885.0,7387.0,3.0,3733.0,208.0,0.0,0.0,0.0,39.32,14.95,58.46,17880.0,52390.0,42626.0,4067.0,1255.0,118218.0
2022,4,La Pampa,64707.0,9172.0,21024.0,2929.0,3.0,301.0,0.0,0.0,0.0,16028.0,19.1,31.23,94.8,7785.0,60566.0,24552.0,19995.0,1266.0,114164.0
2022,4,La Rioja,6154.0,24955.0,39845.0,8700.0,137.0,6469.0,2.0,0.0,0.0,0.0,61.0,21.26,79.86,6120.0,54387.0,19328.0,6395.0,32.0,86262.0
2022,4,Mendoza,58953.0,44616.0,143191.0,20096.0,15.0,4085.0,4.0,0.0,0.0,21144.0,38.76,14.33,51.36,37655.0,77814.0,147080.0,27607.0,1948.0,292104.0
2022,4,Misiones,60556.0,12199.0,30285.0,41171.0,4646.0,28765.0,57.0,0.0,0.0,8590.0,91.24,14.39,52.85,33204.0,87202.0,46885.0,11075.0,7903.0,186269.0
2022,4,Neuquén,53936.0,13067.0,28840.0,30181.0,242.0,31584.0,80.0,0.0,0.0,2250.0,95.37,23.41,78.67,28609.0,72679.0,31567.0,23815.0,3510.0,160180.0
2022,4,Río Negro,47176.0,27573.0,10826.0,27450.0,757.0,18441.0,225.0,0.0,0.0,29644.0,75.31,21.04,68.42,34043.0,48401.0,43958.0,16277.0,19413.0,162092.0
2022,4,Salta,103946.0,5047.0,28359.0,31271.0,455.0,29921.0,114.0,0.0,0.0,6747.0,75.93,14.04,57.96,36939.0,97023.0,53470.0,11884.0,6544.0,205860.0
2022,4,San Juan,43367.0,27999.0,20203.0,402.0,0.0,15.0,0.0,0.0,0.0,11840.0,16.39,12.96,50.88,38570.0,22913.0,12491.0,21912.0,7940.0,103826.0
2022,4,San Luis,37153.0,92357.0,640.0,149.0,0.0,20.0,1548.0,0.0,0.0,3353.0,30.67,25.83,90.27,6283.0,43460.0,3409.0,81557.0,511.0,135220.0
2022,4,Santa Cruz,29986.0,11377.0,7416.0,376.0,0.0,0.0,0.0,0.0,0.0,1048.0,14.33,12.95,43.53,9702.0,23876.0,12217.0,3746.0,662.0,50203.0
2022,4,Santa Fe,320029.0,82171.0,144051.0,154146.0,12699.0,155998.0,257.0,0.0,0.0,18340.0,90.3,24.65,78.4,163621.0,412157.0,248558.0,44113.0,19242.0,887691.0
2022,4,Santiago Del Estero,85764.0,17753.0,1614.0,5521.0,0.0,7843.0,10.0,0.0,0.0,989.0,34.4,11.92,48.05,13577.0,80955.0,15117.0,6911.0,2934.0,119494.0
2022,4,Tierra Del Fuego,26207.0,24706.0,1615.0,175.0,33.0,259.0,0.0,1.0,0.0,2264.0,13.48,30.07,101.44,12754.0,41293.0,405.0,157.0,651.0,55260.0
2022,4,Tucumán,67022.0,26623.0,60568.0,54845.0,4.0,39212.0,30.0,0.0,0.0,15118.0,88.33,15.12,61.04,69441.0,20668.0,168717.0,4069.0,527.0,263422.0
2022,3,Buenos Aires,502922.0,284608.0,1296268.0,959048.0,495437.0,1210922.0,170080.0,0.0,0.0,125147.0,70.19,26.37,78.11,339648.0,2748325.0,1436433.0,126846.0,70416.0,4721668.0
2022,3,Capital Federal,87102.0,37803.0,125198.0,394021.0,151870.0,639913.0,68779.0,0.0,0.0,0.0,101.05,50.22,122.28,140791.0,1240125.0,129218.0,5758.0,31787.0,1547679.0
2022,3,Catamarca,6543.0,5165.0,36072.0,17716.0,42.0,8471.0,854.0,0.0,0.0,70.0,60.99,16.62,65.33,10010.0,10495.0,46224.0,1329.0,2235.0,70293.0
2022,3,Chaco,23852.0,8968.0,35430.0,55941.0,1925.0,24782.0,829.0,0.0,0.0,3816.0,53.21,11.72,43.86,27164.0,61800.0,44645.0,8178.0,2359.0,144146.0
2022,3,Chubut,76907.0,36631.0,39046.0,1257.0,1.0,161.0,31.0,0.0,0.0,16640.0,15.57,25.86,84.38,45377.0,72212.0,9574.0,29784.0,8831.0,165778.0
2022,3,Córdoba,206324.0,70047.0,250987.0,302237.0,12423.0,217107.0,8260.0,0.0,1.0,14710.0,56.32,27.04,88.31,163770.0,465461.0,338570.0,61070.0,9797.0,1038668.0
2022,3,Corrientes,37924.0,9101.0,35132.0,37081.0,4507.0,27640.0,267.0,0.0,0.0,6242.0,45.07,12.69,48.21,36508.0,77140.0,18619.0,7256.0,5323.0,144846.0
2022,3,Entre Ríos,90418.0,16985.0,46588.0,69813.0,2978.0,55087.0,708.0,0.0,0.0,13975.0,42.49,19.04,63.67,60345.0,132952.0,36971.0,26098.0,12593.0,268959.0
2022,3,Formosa,33300.0,4185.0,1645.0,11492.0,0.0,11685.0,109.0,0.0,0.0,302.0,30.35,11.14,43.76,14470.0,25880.0,11041.0,16935.0,212.0,68538.0
2022,3,Jujuy,27573.0,28556.0,45375.0,9396.0,1.0,4662.0,518.0,0.0,0.0,1970.0,32.43,15.06,58.91,19257.0,52978.0,40172.0,4033.0,2383.0,118823.0
2022,3,La Pampa,63852.0,16764.0,30171.0,7900.0,1298.0,603.0,8.0,0.0,0.0,1599.0,18.1,31.82,96.59,7796.0,60078.0,23551.0,20216.0,4451.0,116092.0
2022,3,La Rioja,3327.0,24979.0,41437.0,11474.0,137.0,6405.0,23.0,0.0,0.0,0.0,44.3,21.47,80.66,6842.0,53899.0,19697.0,6395.0,31.0,86864.0
2022,3,Mendoza,59842.0,30830.0,164518.0,28347.0,448.0,11626.0,1420.0,0.0,0.0,5566.0,34.16,14.24,51.03,37659.0,78858.0,142615.0,27625.0,2766.0,289523.0
2022,3,Misiones,56475.0,9820.0,41281.0,51214.0,6727.0,26532.0,1981.0,0.0,0.0,8526.0,49.3,14.11,51.82,35513.0,88902.0,39046.0,11074.0,7622.0,182157.0
2022,3,Neuquén,49997.0,10750.0,22966.0,30688.0,5.0,29203.0,469.0,0.0,0.0,20168.0,47.81,23.92,80.37,29352.0,75815.0,29396.0,27482.0,1116.0,163161.0
2022,3,Río Negro,44288.0,24809.0,33100.0,32969.0,632.0,18600.0,378.0,0.0,0.0,15576.0,34.13,20.91,67.98,35552.0,48260.0,41017.0,16760.0,18969.0,160558.0
2022,3,Salta,92922.0,3193.0,29347.0,38917.0,557.0,29997.0,1281.0,0.0,0.0,6646.0,41.33,13.99,57.76,40006.0,96984.0,50254.0,10082.0,7215.0,204541.0
2022,3,San Juan,37120.0,12563.0,29086.0,3255.0,0.0,1796.0,91.0,0.0,0.0,22755.0,15.84,12.94,50.8,38570.0,22723.0,12328.0,21860.0,7918.0,103399.0
2022,3,San Luis,35760.0,79674.0,7794.0,1983.0,0.0,769.0,24140.0,0.0,0.0,5968.0,19.33,23.39,81.74,6860.0,29363.0,248.0,70614.0,14985.0,122070.0
2022,3,Santa Cruz,17818.0,8667.0,14444.0,4503.0,689.0,284.0,0.0,0.0,0.0,33803.0,12.6,12.85,43.19,10170.0,24047.0,10815.0,3896.0,582.0,49510.0
2022,3,Santa Fe,236209.0,71117.0,201734.0,216238.0,13551.0,157632.0,5927.0,2.0,9.0,16168.0,45.15,24.7,78.55,183740.0,426255.0,215189.0,43079.0,19547.0,887810.0
2022,3,Santiago Del Estero,66953.0,24299.0,12520.0,10230.0,0.0,9206.0,237.0,0.0,0.0,917.0,17.69,11.91,47.98,15385.0,80937.0,13170.0,6618.0,2922.0,119032.0
2022,3,Tierra Del Fuego,20699.0,27810.0,4724.0,496.0,33.0,671.0,0.0,1.0,0.0,7121.0,11.01,29.5,99.51,12754.0,39963.0,403.0,125.0,651.0,53896.0
2022,3,Tucumán,37111.0,23861.0,81424.0,75389.0,4.0,44511.0,1807.0,0.0,0.0,488.0,53.36,15.14,61.14,77738.0,18518.0,162345.0,3997.0,519.0,263117.0
2022,2,Buenos Aires,661754.0,347930.0,1776123.0,1501057.0,126472.0,173546.0,14452.0,0.0,0.0,65849.0,65.5,26.12927127832741,77.58,350652.0,2719613.0,1399043.0,126847.0,71028.0,4667183.0
2022,2,Capital Federal,114967.0,81051.0,466073.0,587349.0,51212.0,118681.0,11831.0,0.0,0.0,105607.0,93.97,49.873561256261084,121.31,145491.0,1232226.0,121506.0,5757.0,31791.0,1536771.0
2022,2,Catamarca,10317.0,9628.0,28370.0,14685.0,42.0,1759.0,0.0,0.0,0.0,2207.0,56.56,15.871790195247085,62.4,11928.0,9430.0,42087.0,1329.0,2234.0,67008.0
2022,2,Chaco,39220.0,9934.0,60519.0,26030.0,0.0,4113.0,40.0,0.0,0.0,3708.0,50.61,11.70254390369554,43.79,29552.0,61284.0,42194.0,8178.0,2356.0,143564.0
2022,2,Chubut,78574.0,40215.0,23646.0,323.0,1.0,25.0,0.0,0.0,0.0,20021.0,14.91,25.499919336270644,83.19,45377.0,69242.0,9574.0,29784.0,8828.0,162805.0
2022,2,Córdoba,293041.0,95496.0,366599.0,225573.0,530.0,31321.0,449.0,0.0,0.0,13426.0,53.51,26.781590841133493,87.48,179181.0,467595.0,308895.0,61107.0,9657.0,1026435.0
2022,2,Corrientes,53099.0,9236.0,49343.0,22570.0,0.0,3589.0,53.0,0.0,0.0,7107.0,43.31,12.732146965383649,48.35,38468.0,75769.0,18181.0,7256.0,5323.0,144997.0
2022,2,Entre Ríos,102957.0,21890.0,85216.0,37479.0,1.0,4973.0,77.0,0.0,0.0,16759.0,40.03,19.10468595065942,63.9,63794.0,131029.0,35839.0,26098.0,12592.0,269352.0
2022,2,Formosa,44044.0,6647.0,7882.0,7608.0,0.0,1094.0,16.0,0.0,0.0,590.0,28.47,11.049814591140093,43.42,15397.0,25487.0,9875.0,16910.0,212.0,67881.0
2022,2,Jujuy,37135.0,38147.0,29419.0,7309.0,1.0,644.0,206.0,0.0,0.0,2453.0,29.39,14.656913524540677,57.32,20303.0,54495.0,34184.0,3955.0,2377.0,115314.0
2022,2,La Pampa,74343.0,11872.0,20105.0,2132.0,39.0,24.0,0.0,0.0,0.0,3012.0,16.07,30.632721559665786,92.98,7796.0,59273.0,22994.0,20200.0,1264.0,111527.0
2022,2,La Rioja,7815.0,24785.0,41402.0,11417.0,137.0,473.0,1.0,0.0,0.0,0.0,43.28,21.331409216914373,80.14,7759.0,52656.0,19189.0,6395.0,31.0,86030.0
2022,2,Mendoza,70575.0,76273.0,111837.0,14992.0,16.0,1927.0,2.0,0.0,0.0,3940.0,29.72,13.782233784570575,49.39,37663.0,77504.0,135504.0,26964.0,1927.0,279562.0
2022,2,Misiones,62825.0,13753.0,58180.0,28155.0,3852.0,3648.0,50.0,0.0,0.0,8350.0,46.23,13.89002818196789,51.0,37208.0,89260.0,33649.0,11074.0,7622.0,178813.0
2022,2,Neuquén,55025.0,10777.0,48003.0,24172.0,196.0,5016.0,62.0,0.0,0.0,18717.0,46.53,23.81745752817118,80.02,29749.0,74905.0,28824.0,27371.0,1119.0,161968.0
2022,2,Río Negro,52640.0,29983.0,35762.0,14702.0,155.0,2078.0,174.0,0.0,0.0,24270.0,33.26,20.867543527383393,67.85,36050.0,47040.0,40946.0,16760.0,18968.0,159764.0
2022,2,Salta,108037.0,7042.0,48928.0,28182.0,0.0,4472.0,22.0,0.0,0.0,6494.0,38.77,13.936010557448652,57.54,42665.0,96178.0,47076.0,10068.0,7190.0,203177.0
2022,2,San Juan,43712.0,28061.0,16605.0,399.0,0.0,13.0,0.0,0.0,0.0,11617.0,14.44,12.597912455631214,49.46,38570.0,19734.0,12328.0,21859.0,7916.0,100407.0
2022,2,San Luis,28423.0,78490.0,13.0,0.0,0.0,0.0,0.0,0.0,0.0,14815.0,19.32,23.396972678771853,81.76,6860.0,29034.0,248.0,70614.0,14985.0,121741.0
2022,2,Santa Cruz,30610.0,14025.0,3652.0,254.0,0.0,0.0,0.0,0.0,0.0,644.0,11.81,12.83962283852644,43.15,10170.0,23725.0,10815.0,3896.0,579.0,49185.0
2022,2,Santa Fe,355140.0,97995.0,246120.0,142816.0,967.0,18040.0,197.0,0.0,0.0,17584.0,42.01,24.495906799164608,77.9,198492.0,428233.0,189503.0,43081.0,19550.0,878859.0
2022,2,Santiago Del Estero,91091.0,15071.0,4701.0,5882.0,0.0,503.0,4.0,0.0,0.0,792.0,16.34,11.836737968128928,47.7,16561.0,80338.0,11605.0,6618.0,2922.0,118044.0
2022,2,Tierra Del Fuego,27733.0,21587.0,973.0,92.0,33.0,0.0,0.0,1.0,0.0,3351.0,10.97,29.60495526496903,99.86,12754.0,39837.0,403.0,125.0,651.0,53770.0
2022,2,Tucumán,80208.0,27240.0,83127.0,58053.0,4.0,5599.0,15.0,0.0,0.0,281.0,50.09,14.6914572899128,59.31,85893.0,15327.0,148823.0,3997.0,487.0,254527.0
2022,1,Buenos Aires,696785.0,404867.0,1738626.0,1417587.0,106414.0,152614.0,12251.0,0.0,0.0,26280.0,62.51,25.563030152028354,76.07814661157262,392045.0,2728865.0,1242121.0,125521.0,66872.0,4555424.0
2022,1,Capital Federal,123410.0,94699.0,480582.0,559483.0,45449.0,102854.0,9347.0,0.0,0.0,1717.0,88.22,46.01434762144353,111.79786269174652,102290.0,1217225.0,62308.0,5784.0,29934.0,1417541.0
2022,1,Catamarca,11922.0,11574.0,22837.0,12464.0,42.0,1332.0,0.0,0.0,0.0,2207.0,51.22,14.805619574995312,58.20635083561171,14181.0,15517.0,29118.0,1328.0,2234.0,62378.0
2022,1,Chaco,39683.0,22751.0,47276.0,23289.0,0.0,3540.0,0.0,0.0,0.0,7580.0,45.84,11.775342040436145,44.05948009941883,32391.0,64546.0,36662.0,8164.0,2356.0,144119.0
2022,1,Chubut,95015.0,38404.0,22294.0,282.0,1.0,25.0,0.0,0.0,0.0,15607.0,13.4,26.988759663104396,88.05274093835774,44133.0,66667.0,9184.0,30592.0,21052.0,171628.0
2022,1,Córdoba,304813.0,102654.0,355163.0,201536.0,560.0,25948.0,25.0,0.0,0.0,13104.0,49.89,26.255262218351167,85.75745356313551,195610.0,501799.0,235838.0,60843.0,9713.0,1003803.0
2022,1,Corrientes,54324.0,28339.0,29501.0,20220.0,0.0,3100.0,0.0,0.0,0.0,7094.0,38.11,12.545281287312793,47.644635141502334,40462.0,79093.0,10875.0,6774.0,5374.0,142578.0
2022,1,Entre Ríos,105547.0,46324.0,61813.0,33351.0,1.0,4140.0,0.0,0.0,0.0,16750.0,35.59,19.04540527092108,63.70090347123158,67159.0,138986.0,23091.0,26098.0,12592.0,267926.0
2022,1,Formosa,31603.0,7009.0,7605.0,6829.0,0.0,914.0,0.0,0.0,0.0,588.0,30.28,8.896427435598431,34.955686995751336,16397.0,15927.0,5146.0,16876.0,202.0,54548.0
2022,1,Jujuy,40281.0,38282.0,28055.0,6746.0,1.0,502.0,200.0,0.0,0.0,2442.0,27.69,14.847641828629394,58.06462866426784,21307.0,60616.0,25949.0,4662.0,3975.0,116509.0
2022,1,La Pampa,75205.0,12165.0,17854.0,1628.0,36.0,11.0,0.0,0.0,0.0,2833.0,14.84,30.200415031402574,91.66332531408715,8003.0,58978.0,21739.0,19903.0,1109.0,109732.0
2022,1,La Rioja,9064.0,24754.0,40000.0,9990.0,137.0,358.0,0.0,0.0,0.0,0.0,41.37,20.96917417226944,78.77459866564503,9103.0,59228.0,9546.0,6395.0,31.0,84303.0
2022,1,Mendoza,81106.0,88225.0,87020.0,13982.0,13.0,1550.0,2.0,0.0,0.0,3287.0,26.2,13.5994765497552,48.73524093558345,49464.0,74145.0,123228.0,26969.0,1379.0,275185.0
2022,1,Misiones,61840.0,28187.0,41812.0,24521.0,3852.0,2947.0,0.0,0.0,0.0,8349.0,41.87,13.357539336702546,49.04334199772953,39147.0,91752.0,25178.0,7807.0,7624.0,171508.0
2022,1,Neuquén,56739.0,13319.0,45293.0,22046.0,52.0,4345.0,0.0,0.0,0.0,7885.0,43.05,22.07746042609429,74.17305509992715,28443.0,73200.0,24193.0,23098.0,745.0,149679.0
2022,1,Río Negro,55923.0,30108.0,33382.0,13310.0,156.0,1693.0,150.0,0.0,0.0,22652.0,31.09,20.61822984084394,67.03640754987029,38662.0,45366.0,38037.0,16815.0,18494.0,157374.0
2022,1,Salta,105661.0,8272.0,48276.0,25214.0,0.0,3603.0,0.0,0.0,0.0,6489.0,36.71,13.588166053353753,56.10759340849759,44714.0,98667.0,40994.0,5950.0,7190.0,197515.0
2022,1,San Juan,46565.0,26915.0,11821.0,399.0,0.0,13.0,0.0,0.0,0.0,2465.0,11.99,11.092116468606637,43.54598160933163,34038.0,14449.0,11294.0,20723.0,7674.0,88178.0
2022,1,San Luis,12828.0,78414.0,12.0,1.0,0.0,0.0,0.0,0.0,0.0,28589.0,20.95,23.101656231687382,80.72423060601774,7987.0,11296.0,31.0,71809.0,28721.0,119844.0
2022,1,Santa Cruz,31161.0,14592.0,2650.0,214.0,0.0,0.0,0.0,0.0,0.0,485.0,10.89,12.894297328809571,43.33842311053054,10537.0,23420.0,10766.0,3974.0,405.0,49102.0
2022,1,Santa Fe,365060.0,112076.0,231498.0,127889.0,968.0,14543.0,1.0,0.0,0.0,18444.0,38.89,24.307396998934415,77.30458474758402,213486.0,444609.0,146552.0,45261.0,20571.0,870479.0
2022,1,Santiago Del Estero,92969.0,13996.0,3984.0,4372.0,0.0,348.0,0.0,0.0,0.0,792.0,14.5,11.706882132029497,47.17273839324049,18118.0,87979.0,1093.0,6349.0,2922.0,116461.0
2022,1,Tierra Del Fuego,29407.0,19714.0,962.0,77.0,29.0,0.0,0.0,1.0,0.0,2421.0,10.73,29.13865104068589,98.29055038672794,13031.0,38700.0,416.0,124.0,340.0,52611.0
2022,1,Tucumán,85240.0,24776.0,78035.0,52958.0,4.0,4296.0,2.0,0.0,0.0,273.0,47.24,14.215533334298076,57.39003227231194,92532.0,62396.0,86174.0,3995.0,487.0,245584.0
2021,4,Buenos Aires,733089.0,449254.0,1710601.0,1354920.0,92876.0,133645.0,11814.0,0.0,0.0,22958.0,60.2091238315554,25.36251411440295,75.66410602338475,426325.0,2706506.0,1176024.0,126887.0,73415.0,4509157.0
2021,4,Capital Federal,131290.0,122968.0,491830.0,528313.0,41498.0,87820.0,8399.0,1.0,0.0,0.0,82.94995496542248,45.848510714562856,111.27002612891737,111360.0,1205128.0,60005.0,5679.0,29947.0,1412119.0
2021,4,Catamarca,13964.0,12266.0,18613.0,11025.0,42.0,947.0,0.0,0.0,0.0,2233.0,46.380057758939095,14.054223759225387,55.2526999859741,16385.0,13858.0,25100.0,1512.0,2235.0,59090.0
2021,4,Chaco,42096.0,24238.0,46805.0,20157.0,0.0,2864.0,0.0,0.0,0.0,7585.0,42.342637514688604,11.772399458164147,44.04856389025934,35548.0,63145.0,34688.0,8005.0,2359.0,143745.0
2021,4,Chubut,104686.0,36720.0,2983.0,155.0,1.0,0.0,0.0,0.0,0.0,15763.0,9.082660638555467,25.309325144656967,82.57340063871433,46361.0,57412.0,9655.0,28041.0,18839.0,160308.0
2021,4,Córdoba,318019.0,110889.0,350637.0,172906.0,553.0,21135.0,24.0,0.0,0.0,12607.0,46.36090745799214,25.873153715537683,84.50941853046088,212011.0,487489.0,217214.0,61277.0,8779.0,986770.0
2021,4,Corrientes,55910.0,25037.0,27846.0,17519.0,0.0,2518.0,0.0,0.0,0.0,7082.0,35.772659194287044,11.983198552620907,45.51016102946347,42523.0,71183.0,10138.0,6778.0,5290.0,135912.0
2021,4,Entre Ríos,108810.0,45688.0,61826.0,28756.0,1.0,3382.0,0.0,0.0,0.0,16583.0,33.31712584167462,18.88227767661483,63.155361436165784,70459.0,133387.0,23452.0,25022.0,12726.0,265046.0
2021,4,Formosa,29975.0,7628.0,7467.0,5897.0,0.0,729.0,0.0,0.0,0.0,1967.0,28.75764894769421,8.768865242200624,34.4545746388443,17211.0,15111.0,5151.0,16018.0,172.0,53663.0
2021,4,Jujuy,39472.0,38491.0,26715.0,6280.0,1.0,432.0,200.0,0.0,0.0,2324.0,27.144343038417077,14.555241944242491,56.921070514870486,22330.0,60511.0,24156.0,2927.0,3991.0,113915.0
2021,4,La Pampa,74716.0,12412.0,15633.0,1182.0,26.0,11.0,0.0,0.0,0.0,3027.0,13.853882842854395,29.509892061530994,89.56734270241313,8175.0,58000.0,20192.0,19286.0,1354.0,107007.0
2021,4,La Rioja,10474.0,24715.0,38655.0,8849.0,137.0,298.0,0.0,0.0,0.0,0.0,39.69594513667998,20.742382050283958,77.9234900964576,10387.0,56651.0,9446.0,6613.0,31.0,83128.0
2021,4,Mendoza,98355.0,87599.0,70664.0,9338.0,14.0,1248.0,2.0,1.0,0.0,366.0,22.23158340100516,13.25625900699059,47.505317090317746,59842.0,71553.0,109667.0,24666.0,1859.0,267587.0
2021,4,Misiones,65526.0,28521.0,41004.0,21640.0,3850.0,2255.0,1.0,0.0,0.0,8335.0,38.903349250907574,13.363319043268442,49.06462073058497,41778.0,92068.0,22035.0,7649.0,7602.0,171132.0
2021,4,Neuquén,56657.0,13658.0,46726.0,19282.0,45.0,3331.0,0.0,0.0,0.0,7767.0,40.092530111167584,21.817563119077384,73.30016254020012,29175.0,72761.0,23253.0,21531.0,746.0,147466.0
2021,4,Río Negro,59581.0,35065.0,23866.0,11371.0,113.0,1112.0,0.0,0.0,0.0,22645.0,27.20317045489215,20.205613568445425,65.69489961160652,42037.0,44495.0,32212.0,16558.0,18451.0,153753.0
2021,4,Salta,110131.0,9898.0,47644.0,22340.0,0.0,2917.0,0.0,0.0,0.0,6475.0,33.940639744985226,13.759337691497715,56.81442605762217,46972.0,99808.0,39555.0,5882.0,7188.0,199405.0
2021,4,San Juan,41347.0,24327.0,9742.0,107.0,0.0,0.0,0.0,0.0,0.0,4435.0,11.052749308157779,10.084133235970333,39.588851864871685,35868.0,13102.0,11072.0,11423.0,8493.0,79958.0
2021,4,San Luis,13152.0,76470.0,9.0,0.0,0.0,0.0,0.0,0.0,0.0,29218.0,20.90972444801464,22.97895624197615,80.29578283135379,8472.0,11064.0,30.0,70560.0,28723.0,118849.0
2021,4,Santa Cruz,32295.0,14688.0,896.0,116.0,0.0,0.0,0.0,0.0,0.0,491.0,8.990650984477549,12.808821353847454,43.05121466117346,10790.0,22902.0,10031.0,4346.0,417.0,48486.0
2021,4,Santa Fe,377610.0,118888.0,226473.0,112906.0,859.0,10927.0,1.0,0.0,0.0,18777.0,36.024023837275145,24.23965799751964,77.08920179439227,233427.0,444373.0,128856.0,43556.0,16229.0,866441.0
2021,4,Santiago Del Estero,94526.0,12643.0,3789.0,3790.0,0.0,320.0,0.0,0.0,0.0,793.0,13.84088684951507,11.675440470480114,47.0459491943867,19032.0,86563.0,1088.0,6256.0,2922.0,115861.0
2021,4,Tierra Del Fuego,30450.0,18227.0,995.0,80.0,24.0,0.0,0.0,1.0,0.0,2580.0,10.696704944050465,29.171007839182543,98.40061644865433,13317.0,38148.0,426.0,124.0,342.0,52357.0
2021,4,Tucumán,86193.0,24833.0,77051.0,46538.0,1.0,3783.0,0.0,0.0,0.0,240.0,45.14812243339947,13.852880446424063,55.92599102424391,97830.0,59022.0,78790.0,2511.0,486.0,238639.0
2021,3,Buenos Aires,1425435.0,302987.0,1025399.0,1280112.0,72726.0,123655.0,10452.0,1104.0,11.0,9728.0,56.25755092469591,23.96989190399953,71.68218940101933,585729.0,2595485.0,885613.0,120228.0,64554.0,4251609.0
2021,3,Capital Federal,224889.0,102701.0,463363.0,499083.0,34929.0,81171.0,7268.0,1.0,0.0,0.0,77.71207106907312,45.90038346526859,111.27105514250894,142902.0,1192107.0,42966.0,6059.0,29371.0,1413405.0
2021,3,Catamarca,15254.0,11505.0,16749.0,9770.0,42.0,726.0,0.0,2.0,0.0,2206.0,43.43333599763174,13.407472376612356,52.709793486001274,18413.0,11709.0,22331.0,1568.0,2233.0,56254.0
2021,3,Chaco,43944.0,26319.0,43689.0,15557.0,0.0,2386.0,0.0,0.0,18.0,7958.0,39.113135809207584,11.48213456009956,42.96241007967663,38258.0,63659.0,27583.0,8018.0,2353.0,139871.0
2021,3,Chubut,115658.0,23623.0,1726.0,151.0,1.0,0.0,0.0,0.0,0.0,14907.0,8.176860363136605,24.738375502880167,80.70973847657562,49269.0,55794.0,8946.0,23376.0,18681.0,156066.0
2021,3,Córdoba,348825.0,107389.0,321114.0,142895.0,565.0,16707.0,34.0,3.0,0.0,9256.0,41.92778724566202,24.885957628675673,81.2845665540848,229275.0,477223.0,167495.0,57617.0,15178.0,946788.0
2021,3,Corrientes,58819.0,27184.0,26962.0,13630.0,0.0,2170.0,0.0,1.0,0.0,5053.0,32.16890082785829,11.8228555121759,44.90088312664412,44805.0,69403.0,7542.0,6766.0,5303.0,133819.0
2021,3,Entre Ríos,124261.0,44205.0,52874.0,23449.0,1.0,2821.0,6.0,3.0,0.0,12755.0,29.60123187949277,18.590565595869126,62.17940145385769,74443.0,128752.0,20485.0,23500.0,13195.0,260375.0
2021,3,Formosa,30301.0,7836.0,7333.0,5109.0,0.0,599.0,0.0,0.0,0.0,1617.0,26.689426784946654,8.643582187295351,33.962033540684324,18093.0,14111.0,4730.0,15690.0,171.0,52795.0
2021,3,Jujuy,40524.0,38117.0,24325.0,5290.0,1.0,292.0,200.0,0.0,8.0,2401.0,25.980702520297545,14.240381868423986,55.6892647441935,23554.0,60758.0,19926.0,2952.0,3968.0,111158.0
2021,3,La Pampa,73069.0,8950.0,13380.0,928.0,0.0,8.0,0.0,0.0,0.0,4152.0,12.99161507240359,27.767891191051227,84.27996309653611,9015.0,57881.0,17817.0,14479.0,1295.0,100487.0
2021,3,La Rioja,11364.0,23670.0,38672.0,8069.0,138.0,247.0,0.0,0.0,0.0,0.0,38.86795185445044,20.565964530219404,77.26016061386845,11329.0,54744.0,9444.0,6613.0,30.0,82160.0
2021,3,Mendoza,164578.0,65996.0,20040.0,4703.0,15.0,533.0,24.0,0.0,0.0,50.0,13.365156173184467,12.710228113581037,45.54828468056102,91474.0,71247.0,70579.0,21811.0,828.0,255939.0
2021,3,Misiones,67087.0,28106.0,39070.0,14128.0,2.0,1852.0,1.0,3.0,0.0,8279.0,30.87871831426499,12.411772581325813,45.57065365808786,43230.0,89469.0,10969.0,7198.0,7662.0,158528.0
2021,3,Neuquén,66446.0,9702.0,36727.0,18257.0,11.0,3087.0,0.0,0.0,0.0,5579.0,38.34222315428742,20.74816202113861,69.70653344501615,29650.0,73794.0,16455.0,19270.0,640.0,139809.0
2021,3,Río Negro,73403.0,16989.0,22846.0,10375.0,2.0,961.0,0.0,0.0,0.0,20009.0,25.400065197148727,19.05925062746504,61.967213114754095,47934.0,44519.0,18725.0,15031.0,18376.0,144585.0
2021,3,Salta,111656.0,10524.0,47234.0,17787.0,0.0,2305.0,0.0,0.0,0.0,6327.0,31.209681857038827,13.55352602212216,55.964278059584196,49212.0,98318.0,36126.0,5724.0,6453.0,195833.0
2021,3,San Juan,60976.0,13585.0,164.0,107.0,10.0,0.0,0.0,0.0,0.0,4641.0,7.041300820394967,10.050236642022515,39.4554480019856,40072.0,12922.0,6670.0,11372.0,8447.0,79483.0
2021,3,San Luis,14017.0,74433.0,5.0,1.0,1.0,0.0,0.0,15.0,0.0,29392.0,21.69870707116376,22.857408818789526,79.87043349212911,8417.0,11884.0,27.0,68856.0,28680.0,117864.0
2021,3,Santa Cruz,38976.0,8454.0,681.0,116.0,0.0,14.0,0.0,0.0,0.0,735.0,7.692326941812981,13.016254371883871,43.74732028012005,12347.0,22961.0,6328.0,4269.0,3071.0,48976.0
2021,3,Santa Fe,395503.0,111362.0,214709.0,94471.0,790.0,8443.0,28.0,9.0,2.0,16267.0,33.13229624738131,23.58815244581783,75.01704762728227,245929.0,443156.0,93412.0,43447.0,15640.0,841584.0
2021,3,Santiago Del Estero,95622.0,11724.0,3606.0,3366.0,0.0,240.0,0.0,0.0,2.0,898.0,13.352723533519553,11.660736690891678,47.0,19939.0,85535.0,909.0,6147.0,2928.0,115458.0
2021,3,Tierra Del Fuego,37137.0,11137.0,960.0,75.0,18.0,0.0,0.0,1.0,0.0,895.0,9.52,28.150170112829368,94.95386825985027,12853.0,36958.0,6.0,16.0,390.0,50223.0
2021,3,Tucumán,89868.0,26093.0,72316.0,41178.0,1.0,2844.0,7.0,1.0,0.0,164.0,42.10118530571482,13.533446775711843,54.63604486100796,104489.0,53868.0,70964.0,2408.0,743.0,232472.0
2021,2,Buenos Aires,1408420.0,350621.0,1303935.0,920937.0,14142.0,116812.0,7261.0,1104.0,11.0,9108.0,52.75542937003713,23.35247372787298,70.00330336027972,603255.0,2503830.0,854173.0,113546.0,57547.0,4132351.0
2021,2,Capital Federal,232023.0,120283.0,558413.0,391954.0,15537.0,76573.0,5506.0,0.0,0.0,66.0,72.74675003231476,45.48719048129489,110.14440203212098,148989.0,1175097.0,41318.0,5580.0,29371.0,1400355.0
2021,2,Catamarca,16381.0,11068.0,16892.0,8465.0,42.0,688.0,0.0,2.0,0.0,2206.0,42.18506376779111,13.313748671467298,52.34030966263861,20305.0,9426.0,22331.0,1449.0,2233.0,55744.0
2021,2,Chaco,45431.0,28113.0,43422.0,13493.0,0.0,2294.0,0.0,0.0,18.0,7958.0,37.396909596222066,11.580041340539402,43.32762729293539,39826.0,62948.0,27584.0,8018.0,2353.0,140729.0
2021,2,Chubut,112453.0,20266.0,1236.0,109.0,1.0,0.0,0.0,0.0,0.0,5172.0,7.67690621713348,22.159781771420207,72.29410481936469,49271.0,41497.0,6081.0,23682.0,18706.0,139237.0
2021,2,Córdoba,340824.0,132745.0,313672.0,118319.0,565.0,14792.0,35.0,3.0,0.0,9925.0,39.59011648994794,24.528406291253745,80.11518795931242,239780.0,467782.0,151855.0,55944.0,15519.0,930880.0
2021,2,Corrientes,57168.0,27270.0,27645.0,10450.0,0.0,1914.0,0.0,1.0,0.0,5053.0,30.368054802005656,11.465064580129559,43.5411637336848,46648.0,67262.0,3731.0,6557.0,5303.0,129501.0
2021,2,Entre Ríos,121998.0,46744.0,52365.0,17992.0,1.0,2446.0,6.0,3.0,0.0,16077.0,27.61897306203556,18.435680632917915,61.660264464787886,77836.0,124957.0,17856.0,23786.0,13197.0,257632.0
2021,2,Formosa,30055.0,8439.0,7218.0,3758.0,0.0,463.0,0.0,0.0,0.0,1618.0,23.96630452806761,8.456293049570467,33.22548419322613,19571.0,12509.0,3610.0,15690.0,171.0,51551.0
2021,2,Jujuy,40982.0,38293.0,24520.0,5165.0,1.0,278.0,200.0,0.0,8.0,2401.0,25.812477856862227,14.366784069218694,56.182157011467694,24738.0,60800.0,19611.0,2731.0,3968.0,111848.0
2021,2,La Pampa,72767.0,8449.0,11625.0,759.0,0.0,5.0,0.0,0.0,0.0,4062.0,12.27922373804818,27.043558440191944,82.08000672325404,9017.0,57014.0,17132.0,13209.0,1295.0,97667.0
2021,2,La Rioja,11302.0,23615.0,38642.0,7662.0,138.0,224.0,0.0,0.0,0.0,19.0,38.534894383007746,20.49158509575061,76.9786615851933,11627.0,54255.0,9445.0,6245.0,30.0,81602.0
2021,2,Mendoza,148415.0,57896.0,18363.0,4387.0,13.0,522.0,25.0,0.0,0.0,50.0,13.465987205003026,11.433847066800618,40.97324182617088,91503.0,70834.0,44696.0,21811.0,827.0,229671.0
2021,2,Misiones,67606.0,29343.0,38621.0,10734.0,2.0,1587.0,1.0,3.0,0.0,8279.0,28.682221735396933,12.26014659485293,45.0128113119994,44960.0,87861.0,10376.0,5317.0,7662.0,156176.0
2021,2,Neuquén,66783.0,11639.0,35747.0,15683.0,0.0,2753.0,0.0,0.0,0.0,5645.0,36.10972145846688,20.58023612564588,69.14021084638621,30083.0,72690.0,15619.0,19218.0,640.0,138250.0
2021,2,Río Negro,73701.0,18712.0,22198.0,8705.0,3.0,756.0,0.0,0.0,0.0,20009.0,23.748446681442676,19.052051860128394,61.94204057417748,48189.0,43761.0,18727.0,15031.0,18376.0,144084.0
2021,2,Salta,109676.0,16416.0,42468.0,14670.0,0.0,2081.0,0.0,0.0,0.0,6328.0,29.239354220742428,13.303441391384512,54.930090174788894,51396.0,96016.0,32050.0,5724.0,6453.0,191639.0
2021,2,San Juan,61124.0,12885.0,166.0,107.0,10.0,0.0,0.0,0.0,0.0,4641.0,6.993162601626016,10.00671906693712,39.28402570062062,40072.0,12369.0,6673.0,11372.0,8447.0,78933.0
2021,2,San Luis,14515.0,71364.0,5.0,1.0,1.0,0.0,0.0,15.0,0.0,36917.0,21.66188998963924,23.89055527674358,83.47810720063075,8417.0,11308.0,28.0,66860.0,36205.0,122818.0
2021,2,Santa Cruz,39108.0,8331.0,678.0,116.0,0.0,14.0,0.0,0.0,0.0,735.0,7.629667005202396,13.096756425784957,44.01491665543425,12347.0,22967.0,6328.0,4269.0,3071.0,48982.0
2021,2,Santa Fe,407458.0,128103.0,202981.0,78528.0,790.0,7330.0,28.0,9.0,2.0,15371.0,30.7018831645519,23.60478745301367,75.06878626293008,256741.0,431915.0,90424.0,43997.0,17523.0,840600.0
2021,2,Santiago Del Estero,95290.0,10817.0,3611.0,2610.0,0.0,194.0,0.0,0.0,2.0,1566.0,12.718797838683303,11.554388875216853,46.557275364921054,20734.0,83770.0,909.0,5081.0,3596.0,114090.0
2021,2,Tierra Del Fuego,28265.0,5010.0,904.0,29.0,1.0,0.0,0.0,1.0,0.0,1483.0,8.591921426483484,20.126647945777083,67.88580775229184,12853.0,22504.0,6.0,14.0,316.0,35693.0
2021,2,Tucumán,92001.0,27733.0,70826.0,37209.0,0.0,2598.0,3.0,1.0,0.0,2680.0,40.30992032851357,13.606163819728007,54.928196510348045,110429.0,48359.0,71683.0,1837.0,743.0,233051.0
2021,1,Buenos Aires,1417014.0,360960.0,1299712.0,845181.0,14101.0,104725.0,6327.0,1104.0,11.0,10867.0,50.78565608506508,22.998353975762015,69.10524076185938,629679.0,2452056.0,821597.0,98806.0,57864.0,4060002.0
2021,1,Capital Federal,236794.0,128908.0,578458.0,349190.0,15537.0,66786.0,3874.0,0.0,0.0,126.0,68.29026886796898,44.82699016464177,108.4199392232935,159805.0,1145093.0,39980.0,5559.0,29236.0,1379673.0
2021,1,Catamarca,15949.0,10464.0,15262.0,7530.0,0.0,565.0,0.0,2.0,0.0,2196.0,39.96652623965282,12.438278918256517,48.899092927848244,26316.0,4409.0,18688.0,322.0,2233.0,51968.0
2021,1,Chaco,46872.0,31273.0,40139.0,11152.0,0.0,1932.0,0.0,0.0,18.0,8384.0,33.6262012999863,11.528896477487843,43.13649241708794,43214.0,61251.0,25426.0,8004.0,1875.0,139770.0
2021,1,Chubut,108602.0,18001.0,1237.0,109.0,1.0,0.0,0.0,0.0,0.0,4390.0,7.531527409144197,21.147838315076264,68.9942808881567,45501.0,40960.0,3444.0,23723.0,18712.0,132340.0
2021,1,Córdoba,349370.0,135081.0,319041.0,83213.0,565.0,10896.0,35.0,3.0,0.0,12677.0,36.168799328437636,24.061371645661506,78.59028062380018,260350.0,444695.0,134634.0,54137.0,17065.0,910881.0
2021,1,Corrientes,58361.0,28685.0,25057.0,7584.0,0.0,1484.0,0.0,1.0,0.0,5453.0,25.985171359720066,11.234115869536096,42.664128438821415,49160.0,62876.0,3337.0,5949.0,5303.0,126625.0
2021,1,Entre Ríos,126331.0,48551.0,49630.0,12841.0,1.0,1775.0,5.0,3.0,0.0,12826.0,23.871334373183572,18.070581721504354,60.439449728342346,83688.0,118424.0,16846.0,20836.0,12169.0,251963.0
2021,1,Formosa,30034.0,8735.0,7129.0,2560.0,0.0,286.0,0.0,0.0,0.0,1942.0,20.980327506975218,8.330895284429907,32.732955756327215,20663.0,11412.0,2562.0,15669.0,380.0,50686.0
2021,1,Jujuy,41252.0,40665.0,20418.0,4786.0,0.0,204.0,745.0,0.0,8.0,2378.0,26.777362312404005,14.226045966500736,55.63244789620541,32254.0,54324.0,17322.0,2677.0,3879.0,110456.0
2021,1,La Pampa,76916.0,7923.0,9410.0,431.0,0.0,1.0,0.0,0.0,0.0,2424.0,10.728511929531797,26.943299898725044,81.77676345752207,8946.0,58711.0,15779.0,12369.0,1300.0,97105.0
2021,1,La Rioja,42735.0,4604.0,2671.0,2561.0,1.0,56.0,0.0,0.0,0.0,0.0,12.697554732181876,13.258360163449572,49.80693519079345,17363.0,34984.0,1.0,250.0,30.0,52628.0
2021,1,Mendoza,145670.0,54016.0,15249.0,3537.0,14.0,368.0,25.0,0.0,0.0,44.0,12.599361245254226,10.926002451479471,39.153661528996416,91844.0,69295.0,38619.0,18332.0,833.0,218923.0
2021,1,Misiones,67027.0,30344.0,34918.0,7705.0,2.0,1131.0,1.0,3.0,0.0,8256.0,25.076826126081443,11.758811611223322,43.172438905971845,48292.0,82339.0,7064.0,4796.0,6896.0,149387.0
2021,1,Neuquén,65057.0,11407.0,35743.0,12982.0,0.0,2288.0,0.0,0.0,0.0,5758.0,34.23850264753642,19.895917331182986,66.84208942045272,30223.0,70457.0,14171.0,17752.0,632.0,133235.0
2021,1,Río Negro,74789.0,16518.0,22275.0,7048.0,2.0,433.0,0.0,0.0,0.0,20103.0,21.923906760830956,18.724905657874665,60.87924030325769,48777.0,42192.0,17828.0,13994.0,18377.0,141168.0
2021,1,Salta,109063.0,16890.0,42097.0,11616.0,0.0,1589.0,0.0,0.0,0.0,6319.0,27.31884069404982,13.061128426236175,53.93001926339093,54768.0,89187.0,31498.0,5669.0,6452.0,187574.0
2021,1,San Juan,61516.0,11829.0,164.0,107.0,10.0,0.0,0.0,0.0,0.0,4641.0,6.910089995382067,9.948368694803314,39.055194335357605,40072.0,11589.0,6671.0,11482.0,8453.0,78267.0
2021,1,San Luis,14873.0,67342.0,5.0,1.0,1.0,0.0,0.0,15.0,0.0,36917.0,21.594379804710776,23.24883515831701,81.23730177127507,8417.0,10678.0,28.0,63826.0,36205.0,119154.0
2021,1,Santa Cruz,37094.0,8298.0,548.0,111.0,0.0,14.0,0.0,0.0,0.0,0.0,7.501531847531764,12.391825403443834,41.64783103990742,12347.0,23089.0,5975.0,4264.0,390.0,46065.0
2021,1,Santa Fe,407499.0,134975.0,193663.0,59489.0,531.0,5549.0,28.0,9.0,2.0,24382.0,28.130630073152936,23.242382186130484,73.91656407026184,277012.0,421480.0,70976.0,39140.0,17519.0,826127.0
2021,1,Santiago Del Estero,93380.0,8549.0,3682.0,1803.0,0.0,81.0,0.0,0.0,2.0,4144.0,11.584174516498134,11.334871169032645,45.67308282365455,26468.0,75849.0,570.0,5158.0,3596.0,111641.0
2021,1,Tierra Del Fuego,22864.0,4760.0,935.0,25.0,1.0,0.0,0.0,1.0,0.0,11836.0,8.734752396277898,22.9312154304354,77.34935609177366,12853.0,27247.0,6.0,0.0,316.0,40422.0
2021,1,Tucumán,96352.0,25373.0,71963.0,33614.0,0.0,1929.0,0.0,1.0,0.0,2680.0,37.97961958190828,13.57896382467824,54.81892254125389,147199.0,12185.0,69954.0,1834.0,740.0,231912.0
2020,4,Buenos Aires,1420244.0,404710.0,1244854.0,830829.0,14099.0,102486.0,5908.0,1104.0,11.0,9016.0,50.008380839635755,22.90151153254686,68.97702220170737,635651.0,2441248.0,804991.0,93444.0,57927.0,4033261.0
2020,4,Capital Federal,238712.0,129568.0,584292.0,342491.0,15537.0,65372.0,3283.0,0.0,7.0,268.0,67.32513676879374,44.833968426782796,108.31107489043508,163060.0,1142528.0,39890.0,4815.0,29237.0,1379530.0
2020,4,Catamarca,17654.0,11668.0,12861.0,7338.0,0.0,564.0,0.0,2.0,0.0,2309.0,37.6500877273544,12.567459308545084,49.40688354549741,26870.0,5115.0,17856.0,322.0,2233.0,52396.0
2020,4,Chaco,47674.0,30447.0,40537.0,10604.0,0.0,1856.0,0.0,0.0,8.0,7965.0,32.45204676418101,11.50064617804086,43.030788649779105,44332.0,61200.0,23687.0,7997.0,1875.0,139091.0
2020,4,Chubut,110196.0,14632.0,1234.0,109.0,1.0,0.0,0.0,0.0,0.0,4402.0,7.383087626414736,20.950871174621614,68.35189915825622,45703.0,39756.0,3040.0,23363.0,18712.0,130574.0
2020,4,Córdoba,352730.0,140532.0,307510.0,77513.0,560.0,10271.0,14.0,3.0,0.0,13568.0,35.120601241883946,23.904978675681004,78.07960876338194,267396.0,439322.0,125620.0,52827.0,17536.0,902701.0
2020,4,Corrientes,58815.0,28068.0,25195.0,7220.0,0.0,1375.0,0.0,1.0,0.0,4985.0,25.446700896630592,11.172002734788627,42.42828394694903,50102.0,61495.0,3146.0,5626.0,5290.0,125659.0
2020,4,Entre Ríos,122231.0,46619.0,50016.0,12172.0,1.0,1660.0,5.0,23.0,0.0,14654.0,24.05327825306045,17.78197083072765,59.47430676097378,85683.0,113670.0,15653.0,20206.0,12169.0,247381.0
2020,4,Formosa,31202.0,7965.0,6783.0,2355.0,0.0,221.0,0.0,0.0,0.0,1680.0,19.6983490087788,8.268390853815193,32.487381907596735,21264.0,10789.0,2432.0,15341.0,380.0,50206.0
2020,4,Jujuy,38382.0,44936.0,14369.0,4426.0,1.0,173.0,745.0,0.0,8.0,2811.0,25.20639328416149,13.669623117135359,53.45659123390888,32850.0,52815.0,15639.0,1077.0,3470.0,105851.0
2020,4,La Pampa,79160.0,6874.0,8078.0,263.0,0.0,0.0,0.0,0.0,0.0,2520.0,9.875605170860927,26.940422171804798,81.76793248945148,9009.0,58945.0,15432.0,12194.0,1315.0,96895.0
2020,4,La Rioja,42985.0,4633.0,2573.0,2538.0,1.0,48.0,0.0,0.0,0.0,0.0,12.534655980598345,13.339129511730942,50.11061211701148,17513.0,34984.0,1.0,250.0,30.0,52778.0
2020,4,Mendoza,157552.0,41336.0,10789.0,2860.0,11.0,312.0,23.0,0.0,0.0,2570.0,11.093171319457166,10.779753857792285,38.62957896227819,91842.0,68364.0,36083.0,18331.0,833.0,215453.0
2020,4,Misiones,66641.0,29601.0,35484.0,7349.0,2.0,1079.0,1.0,3.0,0.0,7001.0,24.956617779680364,11.614898792582805,42.64411416119227,49462.0,79855.0,6589.0,4359.0,6896.0,147161.0
2020,4,Neuquén,65355.0,11111.0,35956.0,12809.0,0.0,2184.0,0.0,0.0,0.0,5720.0,33.90786486677393,19.943555550895127,67.00234522048092,30468.0,70614.0,13732.0,17689.0,632.0,133135.0
2020,4,Río Negro,75049.0,16477.0,22360.0,6784.0,2.0,392.0,0.0,0.0,0.0,20146.0,21.636719189849995,18.789319055171752,61.088615480454756,48991.0,42022.0,17826.0,13994.0,18377.0,141210.0
2020,4,Salta,110895.0,22804.0,35147.0,10846.0,0.0,1379.0,0.0,0.0,0.0,6319.0,25.322439650744734,13.088389057411085,54.04275200147659,56659.0,87817.0,30604.0,5858.0,6452.0,187390.0
2020,4,San Juan,62275.0,5453.0,163.0,107.0,10.0,0.0,0.0,0.0,0.0,4588.0,6.412867397953183,9.251858120163535,36.32088215575813,40072.0,7004.0,6599.0,10468.0,8453.0,72596.0
2020,4,San Luis,17568.0,64927.0,5.0,1.0,1.0,0.0,0.0,15.0,0.0,36918.0,21.252954082189127,23.375314368474104,81.67947806105701,8417.0,11767.0,27.0,63019.0,36205.0,119435.0
2020,4,Santa Cruz,31602.0,7646.0,543.0,111.0,0.0,14.0,0.0,0.0,0.0,758.0,7.492108628119051,11.008682660661702,36.99957245908797,12347.0,19657.0,1041.0,4659.0,2970.0,40674.0
2020,4,Santa Fe,411574.0,135791.0,188622.0,55537.0,531.0,5117.0,28.0,9.0,2.0,23602.0,27.294352446215623,23.136769743176906,73.58073807267776,287271.0,414746.0,62692.0,38712.0,17392.0,820813.0
2020,4,Santiago Del Estero,93140.0,4666.0,3100.0,1761.0,0.0,68.0,0.0,0.0,2.0,3932.0,11.280765527511996,10.857437164805166,43.749256620689934,26812.0,70522.0,570.0,5169.0,3596.0,106669.0
2020,4,Tierra Del Fuego,28017.0,3938.0,950.0,18.0,0.0,0.0,0.0,1.0,0.0,6690.0,8.486806949337868,22.609569143137627,76.26583496977399,12853.0,26439.0,6.0,0.0,316.0,39614.0
2020,4,Tucumán,98555.0,32189.0,62696.0,33136.0,0.0,1832.0,0.0,1.0,0.0,2680.0,36.442246829152964,13.57016980842894,54.78340441369959,149322.0,11150.0,68043.0,1834.0,740.0,231089.0
2020,3,Buenos Aires,1417589.0,400496.0,1214320.0,785204.0,253.0,96043.0,2428.0,1091.0,0.0,19853.0,48.37662390811511,22.410088053440287,67.65618983090923,653930.0,2384557.0,749087.0,94162.0,55541.0,3937277.0
2020,3,Capital Federal,247881.0,135545.0,589379.0,329150.0,10383.0,58804.0,1286.0,0.0,0.0,247.0,63.80852025607172,44.62274289719256,107.6759011657323,170375.0,1129573.0,39417.0,3936.0,29374.0,1372675.0
2020,3,Catamarca,17107.0,11448.0,12045.0,6638.0,0.0,512.0,0.0,0.0,0.0,2154.0,36.540436607329845,11.995288801288368,47.15709898417198,26868.0,3690.0,16857.0,261.0,2228.0,49904.0
2020,3,Chaco,46734.0,30516.0,38510.0,9474.0,0.0,1526.0,0.0,0.0,0.0,7194.0,30.802726948564217,11.102767361905425,41.54192057806515,45745.0,58825.0,20675.0,6706.0,2003.0,133954.0
2020,3,Chubut,109940.0,14803.0,1231.0,110.0,1.0,0.0,0.0,0.0,0.0,3942.0,7.402074441844787,20.94871530485329,68.34389815720037,45761.0,39386.0,2897.0,23216.0,18767.0,130027.0
2020,3,Córdoba,346664.0,137237.0,296283.0,67372.0,525.0,7660.0,3.0,0.0,0.0,11728.0,33.51119497419789,23.029708353509868,75.22035723669207,276360.0,430771.0,102217.0,48368.0,9756.0,867472.0
2020,3,Corrientes,59104.0,27437.0,24274.0,6523.0,0.0,1033.0,0.0,0.0,0.0,5020.0,23.851523971242955,10.993613616681577,41.750749470464434,50858.0,58681.0,2960.0,5513.0,5379.0,123391.0
2020,3,Entre Ríos,121167.0,45574.0,47275.0,10528.0,2.0,1190.0,0.0,0.0,0.0,15759.0,22.432598646206184,17.398110879051448,58.1901640924315,87892.0,106950.0,13954.0,20379.0,12320.0,241495.0
2020,3,Formosa,31137.0,7698.0,6476.0,2047.0,0.0,114.0,0.0,0.0,0.0,1737.0,18.282832069430402,8.120337229392224,31.905623310186538,21790.0,10003.0,2000.0,15023.0,393.0,49209.0
2020,3,Jujuy,42934.0,45206.0,10952.0,3692.0,1.0,133.0,745.0,0.0,0.0,3065.0,21.910419686869954,13.820037033679931,54.04441923820905,32611.0,57682.0,11112.0,952.0,4371.0,106728.0
2020,3,La Pampa,75618.0,5908.0,7191.0,148.0,841.0,0.0,0.0,0.0,0.0,4029.0,10.697630905402091,26.115702018823033,79.26447706670275,9015.0,56845.0,14677.0,11893.0,1305.0,93735.0
2020,3,La Rioja,43082.0,4660.0,2348.0,2495.0,0.0,29.0,0.0,0.0,0.0,2.0,12.194703767058197,13.341312020771634,50.118113236302676,17346.0,34984.0,1.0,250.0,35.0,52616.0
2020,3,Mendoza,153625.0,43425.0,8731.0,1760.0,0.0,202.0,0.0,0.0,0.0,45.0,10.18749103459563,10.422355488053226,37.348633137232696,91908.0,64672.0,32817.0,17523.0,868.0,207788.0
2020,3,Misiones,63815.0,28789.0,34308.0,6703.0,2.0,789.0,1.0,0.0,0.0,8779.0,24.141761872521517,11.331798537010407,41.60448628544863,50195.0,77989.0,2572.0,3445.0,8985.0,143186.0
2020,3,Neuquén,67569.0,11249.0,36846.0,11020.0,0.0,1748.0,0.0,0.0,0.0,803.0,31.46090402703376,19.42045929269766,65.24417025530218,30222.0,70446.0,11043.0,16787.0,737.0,129235.0
2020,3,Río Negro,73335.0,10469.0,22776.0,5627.0,2.0,165.0,0.0,0.0,0.0,19093.0,21.077778703258762,17.54802558517,57.052405915845014,49530.0,40001.0,10381.0,13187.0,18368.0,131467.0
2020,3,Salta,98159.0,23206.0,34164.0,9354.0,0.0,967.0,0.0,0.0,0.0,14996.0,25.261155924027737,12.670239307125406,52.31571212848803,58216.0,84128.0,25445.0,5764.0,7293.0,180846.0
2020,3,San Juan,66479.0,6561.0,89.0,48.0,0.0,0.0,0.0,0.0,0.0,4150.0,6.027864793582682,9.88083251128296,38.78995525412846,40092.0,9223.0,5509.0,14023.0,8480.0,77327.0
2020,3,San Luis,15655.0,63982.0,8.0,3.0,0.0,0.0,0.0,0.0,0.0,36917.0,20.84992813378867,22.8839263803681,79.96172209417188,8401.0,10077.0,6.0,61828.0,36253.0,116565.0
2020,3,Santa Cruz,30969.0,7335.0,131.0,13.0,0.0,0.0,0.0,0.0,0.0,833.0,6.649363712026633,10.697207032526524,35.95152890784452,12845.0,16098.0,1027.0,6938.0,2373.0,39281.0
2020,3,Santa Fe,414543.0,130636.0,178682.0,47904.0,512.0,3719.0,1.0,0.0,0.0,27001.0,25.690941341268072,22.677710522681583,72.12060247348236,295051.0,405807.0,45721.0,37112.0,19307.0,802998.0
2020,3,Santiago Del Estero,91747.0,4658.0,2635.0,1607.0,0.0,44.0,0.0,0.0,0.0,4801.0,10.879017270659741,10.76484130094044,43.37593131691913,26419.0,70720.0,555.0,4185.0,3613.0,105492.0
2020,3,Tierra Del Fuego,27519.0,4176.0,953.0,14.0,0.0,0.0,0.0,1.0,0.0,6992.0,8.506676055475614,22.771515363810202,76.80909583946696,12854.0,26491.0,0.0,0.0,310.0,39655.0
2020,3,Tucumán,100672.0,33135.0,54469.0,31368.0,0.0,1595.0,0.0,0.0,0.0,2637.0,34.835801698615526,13.184990703555616,53.2281495112899,149605.0,11752.0,59949.0,1808.0,762.0,223876.0
2020,2,Buenos Aires,1439720.0,405426.0,1069343.0,761373.0,128.0,78616.0,1703.0,4.0,0.0,21233.0,45.66197363212277,21.552858404836318,65.2205801358229,661272.0,2244277.0,723072.0,91736.0,57189.0,3777546.0
2020,2,Capital Federal,261635.0,147027.0,576126.0,312967.0,10339.0,47991.0,1049.0,0.0,0.0,687.0,60.4844973584038,44.15182686820503,106.41480599073645,178896.0,1106133.0,39482.0,3937.0,29373.0,1357821.0
2020,2,Catamarca,17554.0,10413.0,10472.0,5908.0,0.0,453.0,0.0,0.0,0.0,3176.0,34.92595642857143,11.556666835285702,45.43181818181818,26968.0,3641.0,14878.0,261.0,2228.0,47976.0
2020,2,Chaco,46726.0,31927.0,34243.0,7125.0,0.0,1142.0,0.0,0.0,0.0,6969.0,27.952284674364286,10.646198278920558,39.83250279006581,46816.0,56017.0,17266.0,6452.0,1581.0,128132.0
2020,2,Chubut,92033.0,11778.0,845.0,1.0,0.0,0.0,0.0,0.0,0.0,3999.0,7.605487984559083,17.577923412048097,57.344613387235526,45761.0,38279.0,1324.0,17678.0,5614.0,108656.0
2020,2,Córdoba,349508.0,142053.0,281286.0,48902.0,40.0,5705.0,3.0,0.0,0.0,8971.0,30.987577637139466,22.262629768284135,72.71358531242393,282858.0,415007.0,85818.0,44522.0,8263.0,836468.0
2020,2,Corrientes,57686.0,28008.0,22197.0,5201.0,0.0,754.0,0.0,0.0,0.0,5020.0,22.15030606257576,10.613139950481656,40.30476267979574,51248.0,55536.0,3144.0,3927.0,5011.0,118866.0
2020,2,Entre Ríos,121207.0,46706.0,43068.0,7808.0,2.0,753.0,0.0,0.0,0.0,14569.0,20.448621178442586,16.90464963972206,56.538654739709614,89391.0,99423.0,13954.0,20042.0,11303.0,234113.0
2020,2,Formosa,31185.0,7557.0,6194.0,1641.0,0.0,42.0,0.0,0.0,0.0,1313.0,16.870258993114398,7.925539742616724,31.1394362262631,21805.0,9353.0,1882.0,14723.0,169.0,47932.0
2020,2,Jujuy,41304.0,26837.0,6231.0,3290.0,1.0,96.0,0.0,0.0,0.0,16557.0,15.864013631862552,12.246000275261045,47.887810227872784,32705.0,38938.0,5057.0,952.0,16664.0,94316.0
2020,2,La Pampa,79852.0,4112.0,4722.0,0.0,0.0,0.0,0.0,0.0,0.0,1123.0,8.028862255598405,25.07384596485546,76.10158288987562,8551.0,54422.0,14232.0,11314.0,1290.0,89809.0
2020,2,La Rioja,43058.0,4686.0,2049.0,2339.0,0.0,21.0,0.0,0.0,0.0,2.0,11.669110961977259,13.267548880443243,49.83993501839552,16885.0,34984.0,1.0,250.0,35.0,52155.0
2020,2,Mendoza,154790.0,36097.0,6649.0,1063.0,0.0,135.0,0.0,0.0,0.0,2450.0,9.274562732094155,10.116652469373573,36.25224342110005,91904.0,62941.0,29613.0,15924.0,802.0,201184.0
2020,2,Misiones,64181.0,29290.0,32454.0,5185.0,2.0,581.0,1.0,0.0,0.0,8646.0,22.560122617583183,11.136919674351834,40.88779600969606,50792.0,74497.0,2579.0,3319.0,9153.0,140340.0
2020,2,Neuquén,67819.0,11751.0,36504.0,8806.0,0.0,1292.0,0.0,0.0,0.0,0.0,29.100147623878513,19.02059866374008,63.898469033764314,30256.0,67990.0,11037.0,15755.0,1134.0,126172.0
2020,2,Río Negro,74732.0,10660.0,22589.0,4370.0,2.0,76.0,0.0,0.0,0.0,17057.0,19.679596047283173,17.338453751536527,56.369335248791955,49756.0,39650.0,10382.0,11331.0,18367.0,129486.0
2020,2,Salta,106907.0,24022.0,31778.0,7903.0,0.0,621.0,0.0,0.0,0.0,6531.0,22.55853618795662,12.492822821915325,51.58158335340357,59502.0,81740.0,24289.0,5123.0,7108.0,177762.0
2020,2,San Juan,60272.0,4940.0,88.0,47.0,0.0,0.0,0.0,0.0,0.0,4430.0,6.308614963196474,8.939786450606132,35.09485776365026,40092.0,8275.0,5509.0,7019.0,8882.0,69777.0
2020,2,San Luis,15129.0,62820.0,8.0,3.0,0.0,0.0,0.0,0.0,0.0,35992.0,21.02062693689071,22.440286647722235,78.4096773527651,8401.0,8357.0,6.0,60935.0,36253.0,113952.0
2020,2,Santa Cruz,31170.0,7063.0,130.0,13.0,0.0,0.0,0.0,0.0,0.0,493.0,6.593202418178028,10.650675172081195,35.79262396979603,12845.0,16044.0,1027.0,6585.0,2368.0,38869.0
2020,2,Santa Fe,414455.0,135718.0,166269.0,38181.0,512.0,2603.0,1.0,0.0,0.0,20193.0,23.925791608984095,22.01189934872471,70.002168637187,299974.0,381679.0,46698.0,30487.0,19094.0,777932.0
2020,2,Santiago Del Estero,92178.0,5178.0,2167.0,1392.0,0.0,16.0,0.0,0.0,0.0,4516.0,10.411619106122004,10.787648634906734,43.46716682468362,25917.0,72074.0,355.0,3038.0,4063.0,105447.0
2020,2,Tierra Del Fuego,27522.0,3381.0,840.0,0.0,0.0,0.0,0.0,0.0,0.0,7446.0,8.128329395457266,22.642392447335883,76.36948260742473,12854.0,26025.0,0.0,0.0,310.0,39189.0
2020,2,Tucumán,103714.0,34184.0,46535.0,28810.0,0.0,1278.0,0.0,0.0,0.0,2635.0,32.70453443718797,12.826796661758182,51.78074091030483,150084.0,9833.0,55120.0,1357.0,762.0,217156.0
2020,1,Buenos Aires,1433472.0,436859.0,973073.0,771071.0,113.0,73587.0,1637.0,0.0,0.0,28935.0,45.18128807375552,21.208081014212762,64.32563101743429,673237.0,2210349.0,720688.0,85443.0,18334.0,3708051.0
2020,1,Capital Federal,272481.0,162159.0,560089.0,304387.0,10337.0,43533.0,1068.0,0.0,0.0,0.0,58.70568296242247,44.02408243452466,105.98017414181909,184494.0,1097635.0,38898.0,3911.0,28556.0,1353494.0
2020,1,Catamarca,16444.0,9766.0,6996.0,3119.0,0.0,384.0,0.0,0.0,0.0,2151.0,29.132225012939607,9.568286447482455,37.615427687460254,21945.0,3146.0,12056.0,261.0,2227.0,39635.0
2020,1,Chaco,44503.0,32887.0,29614.0,5435.0,0.0,870.0,0.0,0.0,0.0,6917.0,25.942049334121737,10.018358007806318,37.483833369172615,46356.0,54144.0,11958.0,6239.0,1580.0,120277.0
2020,1,Chubut,82810.0,8996.0,613.0,1.0,0.0,0.0,0.0,0.0,0.0,4500.0,7.117047781865397,15.715139739949185,51.26848941909703,45763.0,27287.0,1324.0,16885.0,5479.0,96738.0
2020,1,Córdoba,342687.0,150285.0,263313.0,40353.0,40.0,4441.0,3.0,0.0,0.0,9802.0,29.394787835061326,21.64232669040361,70.6880744339108,286168.0,406109.0,68512.0,41617.0,8693.0,811099.0
2020,1,Corrientes,55460.0,28965.0,20079.0,3890.0,0.0,563.0,0.0,0.0,0.0,4780.0,20.538999274943325,10.198192297264285,38.729079942230904,51126.0,53231.0,2172.0,2437.0,5004.0,113970.0
2020,1,Entre Ríos,123623.0,45967.0,40165.0,6264.0,2.0,509.0,0.0,0.0,0.0,13762.0,19.029765335057498,16.779387594256768,56.12006051437216,90368.0,95434.0,13245.0,18737.0,14062.0,231846.0
2020,1,Formosa,31730.0,7135.0,5935.0,1358.0,0.0,18.0,0.0,0.0,0.0,100.0,15.697352607415109,7.693633209507935,30.228303962606848,21068.0,8887.0,1800.0,14510.0,169.0,46434.0
2020,1,Jujuy,43336.0,26701.0,4474.0,2988.0,1.0,44.0,0.0,0.0,0.0,16545.0,14.14492205715465,11.934505713694248,46.670230639987786,32066.0,38938.0,3078.0,942.0,16641.0,91665.0
2020,1,La Pampa,81043.0,3379.0,3023.0,9.0,73.0,0.0,0.0,0.0,0.0,1618.0,7.291757720474826,24.96348894596364,75.76678781291396,8553.0,53755.0,13821.0,11295.0,1802.0,89226.0
2020,1,La Rioja,42389.0,4640.0,142.0,1174.0,0.0,0.0,0.0,0.0,0.0,0.0,7.962418947150687,12.337423688670192,46.346631384166976,13076.0,34984.0,0.0,251.0,29.0,48340.0
2020,1,Mendoza,152793.0,17973.0,5364.0,730.0,0.0,100.0,0.0,0.0,0.0,0.0,8.440867710216997,9.248656325291032,33.14207670017271,91955.0,50251.0,28059.0,12465.0,722.0,183452.0
2020,1,Misiones,58488.0,29382.0,30182.0,4318.0,0.0,445.0,0.0,0.0,0.0,10885.0,22.148213068436263,10.627621055982175,39.01834755171205,51458.0,69452.0,1220.0,460.0,10962.0,133552.0
2020,1,Neuquén,65954.0,12352.0,35499.0,7397.0,0.0,1012.0,0.0,0.0,0.0,0.0,27.76828207897622,18.409872883598883,61.84749362355069,29305.0,65951.0,11031.0,14711.0,729.0,121727.0
2020,1,Río Negro,72664.0,10970.0,21908.0,3633.0,1.0,32.0,0.0,0.0,0.0,17719.0,19.06030056406124,16.95263605430754,55.11566865962362,47756.0,38479.0,10381.0,11222.0,18362.0,126200.0
2020,1,Salta,102894.0,25858.0,28460.0,6703.0,0.0,339.0,0.0,0.0,0.0,6441.0,21.425047243902736,12.011697200976553,49.59568027012866,60426.0,75593.0,23025.0,4125.0,7212.0,170381.0
2020,1,San Juan,61623.0,1324.0,88.0,47.0,0.0,0.0,0.0,0.0,0.0,4779.0,6.036984591484099,8.251277881190129,32.392292136304725,40092.0,6448.0,5508.0,7082.0,5101.0,64231.0
2020,1,San Luis,15591.0,58780.0,5.0,3.0,0.0,0.0,0.0,0.0,0.0,36075.0,20.989379744282658,21.838769386372302,76.30854184641933,8301.0,7612.0,5.0,58301.0,36333.0,110552.0
2020,1,Santa Cruz,32518.0,5691.0,113.0,13.0,0.0,0.0,0.0,0.0,0.0,0.0,6.417170627364028,10.704172537298618,35.97427628896549,12845.0,15766.0,1026.0,6817.0,2368.0,38822.0
2020,1,Santa Fe,418069.0,145332.0,146552.0,32605.0,512.0,1829.0,1.0,0.0,0.0,17656.0,22.42405677003625,21.86132458787361,69.52357940253133,302366.0,383673.0,35123.0,30488.0,19468.0,771118.0
2020,1,Santiago Del Estero,91882.0,3737.0,1664.0,1269.0,0.0,1.0,0.0,0.0,0.0,4501.0,10.00053908049476,10.539212166838636,42.466359187991806,24695.0,70424.0,200.0,2779.0,4657.0,102755.0
2020,1,Tierra Del Fuego,28012.0,2006.0,542.0,0.0,0.0,0.0,0.0,0.0,0.0,7046.0,7.410865837696335,22.552553250860385,76.06964979018785,12854.0,25632.0,0.0,0.0,308.0,38794.0
2020,1,Tucumán,100087.0,31096.0,40678.0,27402.0,0.0,1186.0,0.0,0.0,0.0,0.0,32.24553094303289,11.852464901793745,47.84792325850032,143184.0,10494.0,44687.0,1355.0,347.0,200067.0
2019,4,Buenos Aires,1500769.0,666932.0,1279813.0,198362.0,116.0,19352.0,230.0,4.0,0.0,20676.0,30.769694141005864,21.135089381908887,64.25205288245421,720011.0,2191672.0,669194.0,87111.0,18266.0,3686254.0
2019,4,Capital Federal,287638.0,302976.0,610645.0,124224.0,10334.0,22175.0,113.0,0.0,0.0,0.0,44.203178670085876,44.18705360861236,106.24546751041055,196938.0,1093143.0,35534.0,3914.0,28576.0,1358105.0
2019,4,Catamarca,17627.0,9513.0,5294.0,2532.0,0.0,247.0,0.0,0.0,0.0,3098.0,24.878307670462615,9.268865071492511,36.43842912715547,22999.0,3318.0,9506.0,261.0,2227.0,38311.0
2019,4,Chaco,44941.0,37095.0,23643.0,4534.0,0.0,702.0,0.0,0.0,0.0,6988.0,23.37495080016229,9.84506318966921,36.835478630342415,48661.0,53602.0,8831.0,5229.0,1580.0,117903.0
2019,4,Chubut,82512.0,8855.0,613.0,1.0,0.0,0.0,0.0,0.0,0.0,4121.0,6.994113523445059,15.677171185926401,51.145017855147124,47045.0,26977.0,1324.0,15267.0,5489.0,96102.0
2019,4,Córdoba,351155.0,211002.0,193375.0,37082.0,36.0,3683.0,5.0,0.0,0.0,10350.0,26.16228061451293,21.57949716642836,70.48295566244217,296872.0,410038.0,53335.0,37750.0,8693.0,806688.0
2019,4,Corrientes,55747.0,32330.0,16658.0,3599.0,0.0,505.0,0.0,0.0,0.0,4995.0,19.255411607971407,10.208283637368018,38.767440989262106,52525.0,51845.0,2002.0,2458.0,5004.0,113834.0
2019,4,Entre Ríos,132761.0,54820.0,31202.0,5665.0,1.0,403.0,0.0,0.0,0.0,14178.0,17.007580897657125,17.339132629892976,57.99221691704514,92981.0,99206.0,12875.0,18561.0,15407.0,239030.0
2019,4,Formosa,32243.0,8169.0,4887.0,1155.0,0.0,14.0,0.0,0.0,0.0,243.0,14.525629551519327,7.755476118924716,30.471313480544048,21567.0,8684.0,1760.0,14531.0,169.0,46711.0
2019,4,Jujuy,42607.0,26765.0,2634.0,2733.0,1.0,19.0,0.0,0.0,0.0,14122.0,12.959200042804211,11.60391510228381,45.37754633175065,32949.0,37604.0,873.0,814.0,16641.0,88881.0
2019,4,La Pampa,84253.0,2397.0,2102.0,8.0,73.0,0.0,0.0,0.0,0.0,1566.0,6.526152195693043,25.344921847620384,76.92418969170417,15457.0,56854.0,4942.0,11341.0,1805.0,90399.0
2019,4,La Rioja,42912.0,4763.0,102.0,1225.0,0.0,0.0,0.0,0.0,0.0,0.0,8.000880364029628,12.547563567459605,47.13589011052434,13738.0,34984.0,0.0,251.0,29.0,49002.0
2019,4,Mendoza,158849.0,15721.0,3589.0,640.0,0.0,80.0,0.0,0.0,0.0,6901.0,7.785200889987086,9.390112733918839,33.64903072027183,96678.0,49711.0,24989.0,13672.0,730.0,185780.0
2019,4,Misiones,60575.0,34291.0,25130.0,3921.0,0.0,388.0,0.0,0.0,0.0,11508.0,20.32034743574273,10.837581902491847,39.78923684048622,53116.0,69676.0,847.0,441.0,11733.0,135813.0
2019,4,Neuquén,62028.0,19238.0,27434.0,6868.0,0.0,877.0,0.0,0.0,0.0,0.0,26.01988431478295,17.668184976921886,59.35590092822445,29826.0,60970.0,10549.0,14246.0,854.0,116445.0
2019,4,Río Negro,74758.0,15407.0,16595.0,3353.0,1.0,7.0,0.0,0.0,0.0,17019.0,17.17699897385603,17.13387032217983,55.70500968287489,49747.0,37933.0,9658.0,11437.0,18365.0,127140.0
2019,4,Salta,109965.0,24777.0,24297.0,6093.0,0.0,193.0,0.0,0.0,0.0,7120.0,19.08357302283381,12.195492805546795,50.35463892238824,63272.0,76062.0,21865.0,3040.0,8206.0,172445.0
2019,4,San Juan,62269.0,1324.0,88.0,47.0,0.0,0.0,0.0,0.0,0.0,1246.0,6.040171698468491,8.36915261267133,32.85497572815534,41360.0,6338.0,4931.0,7241.0,5104.0,64974.0
2019,4,San Luis,16170.0,55735.0,6.0,3.0,0.0,0.0,0.0,0.0,0.0,36287.0,20.690353422143115,21.441352893267833,74.92002603481464,8569.0,8027.0,6.0,55266.0,36333.0,108201.0
2019,4,Santa Cruz,36781.0,2224.0,14.0,1.0,0.0,0.0,0.0,0.0,0.0,350.0,5.207925064069708,10.923427797723754,36.71136308535834,13264.0,15899.0,1036.0,6800.0,2371.0,39370.0
2019,4,Santa Fe,421596.0,177703.0,110295.0,30123.0,511.0,1456.0,13.0,0.0,0.0,27472.0,20.54719701980728,21.84835065573258,69.48235725596862,312072.0,382254.0,27464.0,26978.0,20401.0,769169.0
2019,4,Santiago Del Estero,92261.0,3756.0,1301.0,1252.0,0.0,1.0,0.0,0.0,0.0,5017.0,9.792201844355846,10.651974288337923,42.92077382358182,24682.0,71239.0,200.0,2810.0,4657.0,103588.0
2019,4,Tierra Del Fuego,28654.0,1963.0,1986.0,0.0,0.0,0.0,0.0,0.0,0.0,7789.0,7.27,23.627546752616215,79.69536136377089,13261.0,26821.0,0.0,0.0,310.0,40392.0
2019,4,Tucumán,106616.0,28916.0,35919.0,26274.0,0.0,919.0,0.0,0.0,0.0,0.0,29.87038932431276,11.803181280712074,47.64902012521289,146985.0,11012.0,39574.0,725.0,348.0,198644.0
2018,4,Buenos Aires,1825323.0,949130.0,765376.0,77293.0,359.0,0.0,0.0,0.0,0.0,19125.0,16.934363010150058,21.058833823398523,64.60284663484316,1305576.0,1949637.0,296102.0,65477.0,19814.0,3636606.0
2018,4,Capital Federal,434052.0,580307.0,309441.0,64885.0,335.0,0.0,0.0,0.0,0.0,0.0,22.93530199223472,45.24931394036689,108.27314997057414,328253.0,1019490.0,33042.0,3978.0,4257.0,1389020.0
2018,4,Catamarca,26083.0,5461.0,36.0,0.0,0.0,0.0,0.0,0.0,0.0,2003.0,8.043920202659912,8.197333541624968,32.225346166025346,26912.0,4443.0,16.0,0.0,2212.0,33583.0
2018,4,Chaco,65544.0,30759.0,5241.0,1726.0,0.0,0.0,0.0,0.0,0.0,0.0,13.492083570210347,8.7108351925502,32.59096087632982,53409.0,43555.0,1940.0,3236.0,1130.0,103270.0
2018,4,Chubut,76259.0,750.0,568.0,1.0,0.0,0.0,0.0,0.0,0.0,1144.0,6.085223903684034,13.061729706052178,42.61093609604538,37215.0,23065.0,952.0,14443.0,3047.0,78722.0
2018,4,Córdoba,349935.0,320173.0,39886.0,18420.0,22.0,0.0,0.0,0.0,0.0,8903.0,15.813667433629776,19.92843117514227,65.08926459112368,328854.0,355716.0,17675.0,21851.0,13243.0,737339.0
2018,4,Corrientes,70386.0,25059.0,3695.0,1461.0,0.0,0.0,0.0,0.0,0.0,0.0,12.138923393387724,9.102210657080787,34.56627656869549,55842.0,42418.0,796.0,1515.0,30.0,100601.0
2018,4,Entre Ríos,153594.0,46970.0,5121.0,2669.0,0.0,0.0,0.0,0.0,0.0,13693.0,11.023282490376955,16.257794035384702,54.37477348639939,101168.0,86198.0,4853.0,15472.0,14356.0,222047.0
2018,4,Formosa,32431.0,10525.0,2040.0,208.0,0.0,0.0,0.0,0.0,0.0,0.0,9.816893711913803,7.568639138457005,29.73653915732,22619.0,7880.0,887.0,13761.0,57.0,45204.0
2018,4,Jujuy,41368.0,4022.0,43.0,1126.0,1.0,0.0,0.0,0.0,0.0,43573.0,8.562737601752614,11.899484192418539,46.53226639132679,33248.0,12484.0,153.0,640.0,43608.0,90133.0
2018,4,La Pampa,82137.0,2306.0,194.0,11.0,65.0,0.0,0.0,0.0,0.0,923.0,4.319094957943483,24.215175627605007,73.49404828314209,18832.0,55337.0,2685.0,7772.0,1010.0,85636.0
2018,4,La Rioja,45546.0,5216.0,22.0,864.0,0.0,0.0,0.0,0.0,0.0,3.0,7.0933821251548945,13.402859048246764,50.347993917417234,16367.0,34984.0,12.0,252.0,36.0,51651.0
2018,4,Mendoza,201427.0,4733.0,137.0,5.0,2.0,0.0,0.0,0.0,0.0,0.0,5.746675102434321,10.536933969997644,37.757783845911696,148524.0,40205.0,5665.0,10363.0,1547.0,206304.0
2018,4,Misiones,75314.0,35414.0,4013.0,1532.0,0.0,0.0,0.0,0.0,0.0,0.0,12.495112674155788,9.38376401334208,34.4507488777944,55500.0,53673.0,465.0,426.0,6209.0,116273.0
2018,4,Neuquén,58466.0,38415.0,7565.0,3632.0,0.0,0.0,0.0,0.0,0.0,6287.0,15.89123364607043,17.58336203291432,59.06916926636779,40747.0,55634.0,3115.0,12425.0,2444.0,114365.0
2018,4,Río Negro,85664.0,22945.0,3625.0,1507.0,2.0,0.0,0.0,0.0,0.0,3094.0,10.487005565275494,15.952033444971306,51.86140345426057,68377.0,34292.0,1299.0,8037.0,4832.0,116837.0
2018,4,Salta,98565.0,33403.0,1654.0,956.0,0.0,0.0,0.0,0.0,0.0,0.0,10.45728408913591,9.639884990122159,39.801610069738146,74295.0,57539.0,638.0,253.0,1853.0,134578.0
2018,4,San Juan,61478.0,312.0,2.0,0.0,0.0,0.0,0.0,0.0,0.0,606.0,5.715266539357845,8.125067548299477,31.89625207025579,51660.0,5838.0,806.0,2883.0,1211.0,62398.0
2018,4,San Luis,72513.0,120.0,63.0,0.0,0.0,0.0,0.0,0.0,0.0,23635.0,8.818992791900516,19.332549309229275,67.55045369760039,11108.0,7784.0,378.0,53097.0,23964.0,96331.0
2018,4,Santa Cruz,24026.0,206.0,4.0,1.0,0.0,0.0,0.0,0.0,0.0,531.0,5.1195073647728675,7.049080016507051,23.68919410065612,10659.0,4615.0,382.0,6378.0,2734.0,24768.0
2018,4,Santa Fe,429042.0,223648.0,25189.0,13560.0,501.0,0.0,0.0,0.0,0.0,28450.0,13.179234899969483,20.62373640643868,65.58706886191564,335519.0,322782.0,14387.0,18705.0,28997.0,720390.0
2018,4,Santiago Del Estero,84763.0,3686.0,106.0,454.0,0.0,0.0,0.0,0.0,0.0,326.0,6.309255243851745,9.2821177795649,37.40072595129344,25339.0,61243.0,23.0,2649.0,81.0,89335.0
2018,4,Tierra Del Fuego,36275.0,9894.0,91.0,0.0,0.0,0.0,0.0,0.0,0.0,0.0,7.436562008214025,27.748785315817887,93.59257086207943,19789.0,23349.0,1623.0,0.0,1499.0,46260.0
2018,4,Tucumán,130115.0,26111.0,1224.0,14462.0,0.0,0.0,0.0,0.0,0.0,92.0,16.58323444553027,10.344120436439566,41.75796963877769,159215.0,11670.0,119.0,686.0,314.0,172004.0
2018,3,Buenos Aires,1717988.0,954999.0,755397.0,60547.0,359.0,0.0,0.0,0.0,0.0,120987.0,16.77973513236217,20.95908740104848,64.44056759752046,1435856.0,1929273.0,156382.0,62318.0,26448.0,3610277.0
2018,3,Capital Federal,443738.0,592424.0,304317.0,51676.0,335.0,0.0,0.0,0.0,0.0,0.0,21.643368364061413,45.37709204560748,108.44591411021922,334353.0,1009252.0,35694.0,3872.0,9319.0,1392490.0
2018,3,Catamarca,26861.0,5320.0,41.0,0.0,0.0,0.0,0.0,0.0,0.0,2004.0,7.806521941530631,8.373046550087581,32.91594537411041,27553.0,4443.0,15.0,1.0,2214.0,34226.0
2018,3,Chaco,63911.0,30745.0,5071.0,1271.0,0.0,0.0,0.0,0.0,0.0,1035.0,12.89496189060927,8.628583509513742,32.283100833077576,53927.0,42359.0,1990.0,2628.0,1129.0,102033.0
2018,3,Chubut,101276.0,750.0,568.0,0.0,0.0,0.0,0.0,0.0,0.0,1142.0,6.076722322942862,17.28630822939319,56.391745852269025,58887.0,23065.0,1239.0,13817.0,6728.0,103736.0
2018,3,Córdoba,345691.0,321185.0,36064.0,13902.0,20.0,0.0,0.0,0.0,0.0,8996.0,14.8182495375679,19.66915749676994,64.24210026029336,337620.0,342401.0,15785.0,19213.0,10839.0,725858.0
2018,3,Corrientes,70079.0,24782.0,3505.0,1089.0,1.0,0.0,0.0,0.0,0.0,0.0,11.493228365457123,9.018948170247882,34.24993887383215,56444.0,41300.0,212.0,1468.0,32.0,99456.0
2018,3,Entre Ríos,150812.0,46242.0,4848.0,2157.0,3.0,0.0,0.0,0.0,0.0,546.0,10.524753506287304,15.016208210741233,50.222013858377494,103318.0,83714.0,2403.0,15093.0,80.0,204608.0
2018,3,Formosa,32358.0,10448.0,2006.0,45.0,0.0,0.0,0.0,0.0,0.0,8.0,9.318495441068285,7.5279498103121085,29.576573428878444,22777.0,7589.0,817.0,13625.0,57.0,44865.0
2018,3,Jujuy,40169.0,4066.0,49.0,612.0,1.0,0.0,0.0,0.0,0.0,38.0,7.669872151814152,5.949165647225797,23.263700137195517,33363.0,10856.0,32.0,641.0,43.0,44935.0
2018,3,La Pampa,80319.0,2108.0,155.0,26.0,36.0,0.0,0.0,0.0,0.0,780.0,4.283048376167659,23.64056278957734,71.75023651844843,12415.0,54574.0,8437.0,7011.0,987.0,83424.0
2018,3,La Rioja,46085.0,5425.0,22.0,337.0,0.0,0.0,0.0,0.0,0.0,3.0,6.156013225626096,13.505484520192356,50.73304318059562,16587.0,34984.0,13.0,253.0,35.0,51872.0
2018,3,Mendoza,202146.0,4734.0,145.0,2.0,2.0,0.0,0.0,0.0,0.0,0.0,5.786015677158131,10.601969231966759,37.990597267996215,151033.0,40205.0,5744.0,8195.0,1852.0,207029.0
2018,3,Misiones,67609.0,35441.0,3813.0,1179.0,0.0,0.0,0.0,0.0,0.0,0.0,12.487485758721087,8.74450949017475,32.10366641805902,56290.0,50793.0,512.0,391.0,56.0,108042.0
2018,3,Neuquén,61109.0,38769.0,7167.0,2785.0,0.0,0.0,0.0,0.0,0.0,6888.0,14.674244286624784,18.005451709791327,60.48661674396911,46602.0,54129.0,998.0,12277.0,2712.0,116718.0
2018,3,Río Negro,82071.0,23276.0,3329.0,1108.0,1.0,0.0,0.0,0.0,0.0,3707.0,10.06446008106754,15.546572458298687,50.54264808703746,68590.0,33474.0,1252.0,5051.0,5125.0,113492.0
2018,3,Salta,97575.0,34449.0,598.0,261.0,0.0,0.0,0.0,0.0,0.0,0.0,9.265848177562406,9.549341341721156,39.42741342068409,76600.0,53980.0,678.0,234.0,1391.0,132883.0
2018,3,San Juan,64053.0,312.0,4.0,0.0,0.0,0.0,0.0,0.0,0.0,112.0,5.738204725877363,8.419357955569252,33.05141650392377,54025.0,5838.0,826.0,2744.0,1048.0,64481.0
2018,3,San Luis,72276.0,120.0,64.0,0.0,0.0,0.0,0.0,0.0,0.0,1961.0,8.814987579354126,14.983359875657099,52.35311497551916,11096.0,7784.0,368.0,52859.0,2314.0,74421.0
2018,3,Santa Cruz,33735.0,206.0,4.0,0.0,0.0,0.0,0.0,0.0,0.0,54.0,5.369715716600383,9.738987459252597,32.72785029455932,18606.0,4574.0,585.0,6238.0,3996.0,33999.0
2018,3,Santa Fe,422371.0,221987.0,23269.0,10532.0,502.0,0.0,0.0,0.0,0.0,16439.0,12.357326043488575,19.939106982732063,63.4096146162309,339126.0,312866.0,11749.0,16337.0,15022.0,695100.0
2018,3,Santiago Del Estero,81967.0,3822.0,63.0,250.0,0.0,0.0,0.0,0.0,0.0,258.0,5.779842512369051,8.996517443513934,36.24961697805127,25805.0,58789.0,23.0,1662.0,81.0,86360.0
2018,3,Tierra Del Fuego,44032.0,231.0,37.0,0.0,0.0,0.0,0.0,0.0,0.0,1264.0,5.98788374717833,27.506021696216745,92.77191839394062,19365.0,22649.0,1502.0,1.0,2047.0,45564.0
2018,3,Tucumán,130850.0,27062.0,1187.0,11941.0,0.0,0.0,0.0,0.0,0.0,126.0,15.255950362488306,10.325137534986972,41.68101359528755,161209.0,9280.0,110.0,252.0,315.0,171166.0
2018,2,Buenos Aires,1837263.0,1074125.0,427307.0,50034.0,228.0,0.0,0.0,0.0,0.0,111742.0,14.679375512175804,20.374582324435124,62.78226651094991,1450203.0,1807868.0,143626.0,71256.0,27746.0,3500699.0
2018,2,Capital Federal,516783.0,627170.0,186196.0,38737.0,300.0,0.0,0.0,0.0,0.0,0.0,18.93813458927817,44.632577746788044,106.53494128146691,342431.0,977916.0,35610.0,3908.0,9321.0,1369186.0
2018,2,Catamarca,23184.0,4347.0,42.0,0.0,0.0,0.0,0.0,0.0,0.0,6516.0,7.693096507452943,8.35838388395506,32.8575008674866,27444.0,4415.0,15.0,1.0,2214.0,34089.0
2018,2,Chaco,61487.0,30583.0,4370.0,815.0,0.0,0.0,0.0,0.0,0.0,1266.0,12.499460181995785,8.353123614291734,31.251704996034892,54134.0,40750.0,562.0,1946.0,1129.0,98521.0
2018,2,Chubut,95505.0,7.0,11.0,0.0,0.0,0.0,0.0,0.0,0.0,5041.0,5.329857730598913,16.830485129144066,54.90230333735512,58935.0,19591.0,1239.0,14070.0,6729.0,100564.0
2018,2,Córdoba,344086.0,319111.0,28068.0,10899.0,15.0,0.0,0.0,0.0,0.0,10894.0,13.876809406349514,19.373198551696014,63.2743661231958,345141.0,327636.0,13832.0,16355.0,10109.0,713073.0
2018,2,Corrientes,69389.0,24526.0,3307.0,734.0,1.0,0.0,0.0,0.0,0.0,0.0,10.87765289559918,8.903247385340823,33.80975390881165,56541.0,39715.0,201.0,1468.0,32.0,97957.0
2018,2,Entre Ríos,147226.0,46058.0,4365.0,1787.0,3.0,0.0,0.0,0.0,0.0,546.0,10.186702751759963,14.711648453505866,49.20261187052838,104811.0,80376.0,2405.0,12313.0,80.0,199985.0
2018,2,Formosa,32263.0,10540.0,1711.0,32.0,0.0,0.0,0.0,0.0,0.0,8.0,8.974986530777175,7.4919076165093035,29.434226520796997,23543.0,7311.0,18.0,13625.0,57.0,44554.0
2018,2,Jujuy,41067.0,3977.0,50.0,0.0,1.0,0.0,0.0,0.0,0.0,38.0,6.289345589213642,5.9923974768014165,23.432202729854474,33571.0,10856.0,23.0,640.0,43.0,45133.0
2018,2,La Pampa,79533.0,1933.0,118.0,26.0,36.0,0.0,0.0,0.0,0.0,775.0,4.098364171057469,23.40701065826804,71.04033787278055,12416.0,53587.0,8420.0,7011.0,987.0,82421.0
2018,2,La Rioja,46270.0,5640.0,22.0,13.0,0.0,0.0,0.0,0.0,0.0,3.0,5.591861584368082,13.570922884408905,50.97789073923241,16663.0,34984.0,13.0,253.0,35.0,51948.0
2018,2,Mendoza,166789.0,271.0,78.0,6.0,0.0,0.0,0.0,0.0,0.0,33808.0,5.880529663045039,10.318226443150964,36.97287272406129,152938.0,36872.0,3084.0,6206.0,1852.0,200952.0
2018,2,Misiones,66646.0,35182.0,3541.0,778.0,0.0,0.0,0.0,0.0,0.0,0.0,11.759657402552001,8.61598877251767,31.630907682221824,57265.0,47923.0,512.0,391.0,56.0,106147.0
2018,2,Neuquén,61153.0,38647.0,6869.0,1894.0,0.0,0.0,0.0,0.0,0.0,7285.0,13.365011560107956,17.931877810369247,60.23679161402031,46633.0,52855.0,998.0,12649.0,2713.0,115848.0
2018,2,Río Negro,81286.0,23043.0,3040.0,785.0,0.0,0.0,0.0,0.0,0.0,4081.0,9.509595114373948,15.42558308937726,50.147894623963396,68667.0,32795.0,1252.0,4396.0,5125.0,112235.0
2018,2,Salta,98315.0,35316.0,451.0,85.0,0.0,0.0,0.0,0.0,0.0,0.0,8.928271706442677,9.673102808845783,39.93719209989731,78386.0,53478.0,678.0,234.0,1391.0,134167.0
2018,2,San Juan,59002.0,0.0,3.0,0.0,0.0,0.0,0.0,0.0,0.0,5096.0,5.845597830692315,8.392841711641646,32.94664884868421,54080.0,5068.0,826.0,3079.0,1048.0,64101.0
2018,2,San Luis,12161.0,1.0,8.0,0.0,0.0,0.0,0.0,0.0,0.0,9298.0,5.9005751848808545,4.336137508962927,15.150424491351385,11104.0,7666.0,368.0,16.0,2314.0,21468.0
2018,2,Santa Cruz,29401.0,100.0,4.0,0.0,0.0,0.0,0.0,0.0,0.0,4900.0,5.1892899508557875,9.919588050940062,33.33236451006607,18615.0,4474.0,585.0,6734.0,3997.0,34405.0
2018,2,Santa Fe,409757.0,222844.0,21449.0,8282.0,2.0,0.0,0.0,0.0,0.0,22218.0,11.74888462281756,19.675591530682105,62.57079239957442,337934.0,304349.0,11354.0,15801.0,15114.0,684552.0
2018,2,Santiago Del Estero,62841.0,3294.0,18.0,28.0,0.0,0.0,0.0,0.0,0.0,17594.0,5.9110016469983835,8.750160589339375,35.256464211164236,26074.0,55935.0,23.0,1662.0,81.0,83775.0
2018,2,Tierra Del Fuego,43323.0,75.0,0.0,0.0,0.0,0.0,0.0,0.0,0.0,1309.0,5.942745057375916,27.162316515991055,91.60519629538562,19372.0,22756.0,531.0,1.0,2047.0,44707.0
2018,2,Tucumán,131618.0,27059.0,1236.0,8632.0,0.0,0.0,0.0,0.0,0.0,1412.0,13.506545729627103,10.283671207148597,41.512563170017415,160315.0,8965.0,110.0,252.0,315.0,169957.0
2018,1,Buenos Aires,1814764.0,1088846.0,425532.0,34511.0,2229.0,0.0,0.0,0.0,0.0,105818.0,14.198889644680946,20.27965291057949,62.62621166168454,1452061.0,1793884.0,133928.0,64379.0,31194.0,3475446.0
2018,1,Capital Federal,525431.0,632728.0,183675.0,25149.0,1611.0,0.0,0.0,0.0,0.0,0.0,17.74557730418008,44.562961320417855,106.23567174586837,349995.0,968483.0,35535.0,3164.0,9393.0,1366570.0
2018,1,Catamarca,23845.0,3539.0,41.0,0.0,4.0,0.0,0.0,0.0,0.0,6500.0,8.198860528714677,8.342098537275874,32.79361613741535,27300.0,4415.0,15.0,1.0,2214.0,33945.0
2018,1,Chaco,60335.0,30908.0,4057.0,373.0,74.0,0.0,0.0,0.0,0.0,1035.0,12.444064678644967,8.240328535251999,30.829927645702472,54879.0,40157.0,383.0,388.0,1130.0,96937.0
2018,1,Chubut,92900.0,7.0,11.0,0.0,0.0,0.0,0.0,0.0,0.0,5010.0,5.418637938827784,16.466326556340928,53.71560488248906,56375.0,19591.0,1194.0,14070.0,6729.0,97959.0
2018,1,Córdoba,351318.0,318984.0,26777.0,3775.0,3088.0,0.0,0.0,0.0,0.0,10049.0,12.790571217400485,19.447381073339752,63.51716965201617,349342.0,326894.0,13178.0,13237.0,11275.0,713926.0
2018,1,Corrientes,66206.0,24773.0,3087.0,341.0,13.0,0.0,0.0,0.0,0.0,0.0,11.118502865253635,8.60133260210877,32.66346087317512,56937.0,35225.0,888.0,1334.0,33.0,94417.0
2018,1,Entre Ríos,144558.0,46972.0,3893.0,406.0,1019.0,0.0,0.0,0.0,0.0,0.0,9.875239366998759,14.555673456325385,48.68120241785722,106998.0,75751.0,3789.0,10776.0,80.0,197394.0
2018,1,Formosa,20122.0,10605.0,1541.0,34.0,18.0,0.0,0.0,0.0,0.0,0.0,11.056815367469506,5.4480098282582645,21.404310259211442,23556.0,7095.0,17.0,1603.0,57.0,32328.0
2018,1,Jujuy,40415.0,3925.0,49.0,0.0,4.0,0.0,0.0,0.0,0.0,0.0,6.741185879384532,5.912829505826147,23.121260875677535,33856.0,10456.0,23.0,28.0,43.0,44406.0
2018,1,La Pampa,77084.0,1689.0,96.0,3.0,0.0,0.0,0.0,0.0,0.0,3503.0,3.995131352064104,23.64124866231016,71.75163692275797,10807.0,51389.0,8386.0,10556.0,1926.0,83064.0
2018,1,La Rioja,46391.0,5831.0,20.0,0.0,0.0,0.0,0.0,0.0,0.0,0.0,5.890820604111634,13.694770063119927,51.44351011244806,16960.0,34984.0,13.0,253.0,35.0,52245.0
2018,1,Mendoza,166782.0,271.0,80.0,6.0,0.0,0.0,0.0,0.0,0.0,33788.0,5.881626969169374,10.345843091967911,37.07215110240331,152931.0,36872.0,3086.0,6206.0,1852.0,200947.0
2018,1,Misiones,63859.0,35990.0,3317.0,357.0,19.0,0.0,0.0,0.0,0.0,0.0,12.082189465143012,8.432278416607307,30.95673588446963,56311.0,46880.0,328.0,5.0,56.0,103580.0
2018,1,Neuquén,64542.0,38516.0,6589.0,994.0,0.0,0.0,0.0,0.0,0.0,6105.0,11.96045995607415,18.31283869735193,61.517390351563726,46714.0,55072.0,1000.0,12404.0,2713.0,117903.0
2018,1,Río Negro,81166.0,22874.0,2798.0,426.0,0.0,0.0,0.0,0.0,0.0,3975.0,8.976243194361576,15.323567091543692,49.816861312232405,68769.0,31712.0,1251.0,4259.0,5128.0,111119.0
2018,1,Salta,97997.0,35588.0,400.0,0.0,16.0,0.0,0.0,0.0,0.0,0.0,9.1894409821995,9.633845443846392,39.775591632918804,79936.0,51534.0,118.0,204.0,1391.0,133183.0
2018,1,San Juan,58169.0,0.0,3.0,0.0,0.0,0.0,0.0,0.0,0.0,5068.0,5.850581035549749,8.306800710570991,32.60917745169287,54080.0,5068.0,826.0,2246.0,1048.0,63268.0
2018,1,San Luis,12089.0,1.0,8.0,0.0,0.0,0.0,0.0,0.0,0.0,9284.0,5.89436270457927,4.335615022675048,15.14879034827491,11104.0,7594.0,368.0,16.0,2314.0,21396.0
2018,1,Santa Cruz,29401.0,100.0,4.0,0.0,0.0,0.0,0.0,0.0,0.0,4267.0,5.1892899508557875,9.98473486255572,33.55275989857616,18615.0,4474.0,1799.0,6734.0,2783.0,34405.0
2018,1,Santa Fe,405582.0,225025.0,20455.0,3306.0,2504.0,0.0,0.0,0.0,0.0,23181.0,11.173305005746002,19.584682368757406,62.28199844300957,341997.0,300421.0,10674.0,11636.0,15298.0,680026.0
2018,1,Santiago Del Estero,63163.0,3465.0,19.0,0.0,0.0,0.0,0.0,0.0,0.0,17589.0,6.248210722163038,8.683504190530646,34.9882694482421,26788.0,54594.0,23.0,1432.0,81.0,82918.0
2018,1,Tierra Del Fuego,34302.0,0.0,0.0,0.0,0.0,0.0,0.0,0.0,0.0,107.0,5.768082036032884,19.33152333431171,65.19963702359347,19372.0,9663.0,531.0,1.0,2047.0,31614.0
2018,1,Tucumán,131974.0,26405.0,1218.0,0.0,7082.0,0.0,0.0,0.0,0.0,1305.0,9.355631684806106,10.200177350055142,41.176009388866156,158611.0,8921.0,107.0,368.0,50.0,168057.0
2017,4,Buenos Aires,1874750.0,866238.0,308150.0,24790.0,222.0,0.0,0.0,0.0,0.0,114182.0,12.9720825438982,18.61464924835486,57.609615290258205,1241172.0,1718013.0,131181.0,60082.0,31448.0,3181896.0
2017,4,Capital Federal,832783.0,575139.0,153916.0,19801.0,2599.0,0.0,0.0,0.0,0.0,0.0,15.20221886916041,51.6167209151056,122.89742418734991,571363.0,961688.0,36277.0,3119.0,9877.0,1582324.0
2017,4,Catamarca,24435.0,2927.0,43.0,0.0,2.0,0.0,0.0,0.0,0.0,2151.0,7.78415435139573,7.280600419229377,28.620950093924897,27083.0,263.0,11.0,1.0,2200.0,29558.0
2017,4,Chaco,64734.0,26769.0,3614.0,259.0,60.0,0.0,0.0,0.0,0.0,1035.0,11.702868121959403,8.234501979468078,30.808158111236537,55035.0,39690.0,389.0,380.0,1121.0,96615.0
2017,4,Chubut,93411.0,10.0,11.0,0.0,0.0,0.0,0.0,0.0,0.0,0.0,5.408238076890145,15.77581593080522,51.46309626749354,56378.0,15097.0,1187.0,14070.0,6708.0,93440.0
2017,4,Córdoba,409431.0,253996.0,23837.0,2579.0,2339.0,0.0,0.0,0.0,0.0,8429.0,11.63658470115664,19.390857786793124,63.33262565207773,349710.0,324709.0,12778.0,12043.0,10739.0,709979.0
2017,4,Corrientes,69997.0,20906.0,2640.0,216.0,12.0,0.0,0.0,0.0,0.0,0.0,10.384400430891967,8.562263620309615,32.51511831118755,56786.0,34722.0,894.0,1334.0,35.0,93771.0
2017,4,Entre Ríos,151418.0,37714.0,3387.0,320.0,660.0,0.0,0.0,0.0,0.0,0.0,9.295960619999066,14.317635180183578,47.885245293746834,107764.0,73692.0,1894.0,10267.0,86.0,193703.0
2017,4,Formosa,23258.0,7393.0,1360.0,31.0,13.0,0.0,0.0,0.0,0.0,0.0,10.114170463766307,5.414060072151437,21.270976689249718,23410.0,6973.0,19.0,1603.0,51.0,32056.0
2017,4,Jujuy,39996.0,3507.0,44.0,0.0,3.0,0.0,0.0,0.0,0.0,0.0,6.638821273566491,5.81583543877829,22.742083716267025,33844.0,9626.0,20.0,28.0,34.0,43552.0
2017,4,La Pampa,76319.0,1182.0,79.0,3.0,0.0,0.0,0.0,0.0,0.0,3503.0,3.9758194449815036,23.409929773918797,71.04976106378558,10808.0,50495.0,8272.0,10569.0,1927.0,82071.0
2017,4,La Rioja,46357.0,5813.0,25.0,0.0,0.0,0.0,0.0,0.0,0.0,0.0,5.877588849506658,13.727965660359493,51.56847440546175,16912.0,34984.0,14.0,253.0,31.0,52194.0
2017,4,Mendoza,179766.0,298.0,84.0,6.0,0.0,0.0,0.0,0.0,0.0,0.0,5.71002586675844,9.300280994440511,33.32562553415048,152896.0,16114.0,3015.0,6206.0,1920.0,180151.0
2017,4,Misiones,69807.0,30847.0,2990.0,233.0,18.0,0.0,0.0,0.0,0.0,0.0,11.324123723249613,8.482789477895514,31.14218485379854,56271.0,47470.0,95.0,5.0,54.0,103895.0
2017,4,Neuquén,73129.0,30108.0,5821.0,680.0,0.0,0.0,0.0,0.0,0.0,6105.0,10.719151524540269,18.2308851652642,61.24232317785096,46739.0,54119.0,1017.0,12404.0,2692.0,116971.0
2017,4,Río Negro,87570.0,15856.0,2288.0,245.0,0.0,0.0,0.0,0.0,0.0,3719.0,8.045522324672751,15.187813662722721,49.37562976824529,68690.0,30451.0,1250.0,4259.0,5114.0,109764.0
2017,4,Salta,111037.0,22197.0,404.0,0.0,10.0,0.0,0.0,0.0,0.0,0.0,8.451742767775633,9.638816535753657,39.79624247145896,80705.0,50446.0,127.0,158.0,1376.0,132812.0
2017,4,San Juan,58618.0,0.0,4.0,0.0,0.0,0.0,0.0,0.0,0.0,0.0,5.832260073010133,7.718528602820455,30.29992919128174,54079.0,451.0,812.0,2246.0,1036.0,58624.0
2017,4,San Luis,12990.0,1.0,7.0,0.0,0.0,0.0,0.0,0.0,0.0,1902.0,5.732208801354054,3.0299272402737993,10.586731069754228,11104.0,1119.0,335.0,17.0,2329.0,14904.0
2017,4,Santa Cruz,29874.0,100.0,4.0,0.0,0.0,0.0,0.0,0.0,0.0,0.0,5.206584828874508,8.603821648608145,28.912492882806827,18614.0,1668.0,582.0,4638.0,3950.0,29452.0
2017,4,Santa Fe,456178.0,178427.0,19098.0,2540.0,1602.0,0.0,0.0,0.0,0.0,14119.0,10.297494601847182,19.405680474329014,61.7127712196729,341680.0,293831.0,10602.0,10965.0,15382.0,672460.0
2017,4,Santiago Del Estero,65449.0,3375.0,18.0,0.0,0.0,0.0,0.0,0.0,0.0,0.0,6.165600214985038,7.228687949666727,29.126386109501063,27313.0,40407.0,19.0,1025.0,80.0,68844.0
2017,4,Tierra Del Fuego,31652.0,0.0,0.0,0.0,0.0,0.0,0.0,0.0,0.0,0.0,5.203225704536838,17.758493353028065,59.89413596263622,19372.0,6906.0,530.0,1.0,2045.0,28854.0
2017,4,Tucumán,132260.0,24318.0,1303.0,0.0,4367.0,0.0,0.0,0.0,0.0,0.0,9.106021307187058,9.883286960651205,39.8968735176797,156583.0,5223.0,105.0,102.0,319.0,162332.0
